sjfwteyVbEUhJSibVkTT5fBPbDyeJSGr6vgbCHocfVCMmTb,52611535945,0,0
ogV7st4LwGTsuw7YfZyMWjs2VDWK6JUz1TKi5GukFgDkWeP,0,0,34173550000
pAkYAp1qVPrhVHUybVEVGF26ew6jgxUq6hVwhPfvVzoAj1Q,0,0,84750000
pfV49J5VxT1AA9jTLcN6dnQkdJsG2pzvMyzm12dw1UVPRLD,0,0,40143300000
oSp5EoxKSvVE1J4zvPsjgpaQZDbfLNGZtKupRxCz42tFwFm,52972763639,0,0
oi35i3ZPxuzjAxiCg9tCaWm8Pqa28K29qHSSyNr5WMmQmLZ,0,0,591272220000
rRnMJ4LQ6L4JXe3oGmdC6abGZHgRPw4CmJohPBFMHSG7EQq,0,0,331666500000
r7mhs7oyFCax5opmMBdurWbuShwzFQbR5tEjpdfMmhkinDu,9656000000,0,0
q81DCTjpt4PDCvovXjyUS4wJ9Kf6EuLFQcw3PpNWsXvA1av,0,0,100000000
paGAbCDa4EPofFvcDwKv7pQp2zb4s8HHPcvHVEJ8prMBK98,0,0,11370000
qDNLzogXa7kFdMtUr76M1TqnZJK4Eppv4GEm6UUSUSbGjqH,0,0,5444185200000
sNdQMbyPFdRYJMs3WYyE9QHn7HpRp1SseoafihWY3eR9v6h,0,0,680489310000
sxrr2Ybp6z4YoZpma5iimPVYpPw99Y1xo4DN93jYiKFcPcU,0,0,24759840000
qMWzAv3t57bmA8cuxrjTJZZmnrJdkYxQfTDW4QPBWCss6LZ,0,97024947280253,0
sqf5B8uHszv2GysF2b9oTcsBY6dsRn6PkBvv3tchiHno5SJ,0,0,1462483070000
qSMGWriH7sd84WUkiUJULcNwkxkoB5sfJpfZhjZFvUuXsnR,0,0,189328950000
pcpy2JTbaoviE1H33hGPBpCFaMMmQswfEqfTewEbaePUtjb,0,467994367463474,0
pd7NK16gFP3en181KM9VTkfwKhMoXQzqK1J5BKByCeMTJpe,0,139748013479016,0
oaA96cs6SajuD51GFTDX6zXE9QyHgZA2ZHPqGDHvBhQsGV6,0,0,182350160000
p5fhqvwLAeTEKddFW7KQAXLoD9rRoSht8cXHcgHkjYL1nSL,0,0,438460000
qJtogGVMPSJyrsjWUYtxXpQEpXBgcCdqJtM3fbEqDV7vqND,0,172558967886237,0
rA5QLoshSCPqh8v1ybGvCMAsXPaqDuDvVX3k2vv6zvvapvo,14489442132,0,0
q4uwc7KBzwrSstdYUvrQH8vUX86LEP1Gp3QkVpPSGQWjjj6,0,0,391485380000
owLsZNpTiBUCyphZrvS71qCTjzuFmGxAcNiTewZEzrorJRH,0,0,140830000
rhoDDbHZR3L8dkneGLQt14ShhScqTxJGmc5euEfyRyvwNgp,0,5675171939574624,1838981370000
sejv726XwUzKWHG6cv7UxMziEM1N14VssvbYgp6cf4V3fcj,0,0,130998770000
sZmXHp7j9aTpvShz64L5ZL4Xqg4nFTDDNgtxbcVe3ndZ29s,158420000,0,0
pdB6FWHfCBTgC25KyydVUKe4M3UNLGtGxUBeA2mLvofSyzW,0,0,7175150000
rHvcbgZLoU5sssEhi1E44vpYacpcE2znh4AZxmkChxMv2wn,0,0,40381930000
qkWWAURaZD48bqdrieeqWKVgDbxsM5VPnqt551ny5zxTe97,0,0,62261670000
rLX5CQM17FpHVcW4QijSt5UUq7AEfXTJ85P56G7D8A8RA92,0,301084725744537,1593980000
sgu1Ks3ry2SzjTAnjrHwYFR6EAGh4jaYyTHQk4HUNRVaYHo,0,1407722101810273,0
qUuWy34xCxEmtfkfKLDgsdh2CSt4ubonqXUoazB7sFmhxBR,0,0,109620000
pQ62t46qDYRUGyu8cdi9bDkpnZKUM6MeZZe62tHJZyLqSPo,0,141845141105428,0
qtiXcLZLP8xwN2Uuykc4vrrDZafg5tebH3s89w59A1LA7EM,27487323891,0,0
rXTuDfPRpf1rY3hkLwsXVNqGWuKJW1kiaqZ5nNNdNyPxEAj,0,0,25000000000
svvTbhxTYBBWHa2gQdmLucdJnSbtH1kLB2djiiW7KDoft2Y,158370000,0,0
rRpePhukpBMgmMFaC3Vg1L7xhghcXs14ZMFYHmuzNy8P1xg,0,0,192236630000
ofg74LvufJZZNCGmL37Kppsgs1FKJR6ZW3SEX1zDso4wXdn,0,125979974476099,0
oTJgU67j9jntgvXfTptGLJGW1vmk9yFvnQUdMmpReZjZoo2,0,0,46989660000
tYanV8yNskRQgLvhHgz3TidPdvfhG8kVgPnksyCiwvA2GgE,42841807919,0,0
sJLQygciHMFhFU8rox14DrPjvhzqfyRSivuXuDHgXKARDp4,0,0,359594460000
pSAgbmbfZri55ZnCzzCNVin7cLQrW2kzesGuDq66X8xM4GN,0,139524792171855,0
rSWPwVDeBZZkLtqLVTh1x35WNNdpXru816RvjgZpstqfz47,46083396489,171451339450335,0
tgm4m2hYNddqXdTnmysRkcQGthjDstBu9oahApaDv8fNrMU,145021230581,0,55000000000
sqAywGAAAiMuimeGaMeiKecVGg5M2y2myz94f1CxfjqvdBS,0,0,167960120000
qaFmm1BSXESzNk4KBcZiHtXTuv4dWUjwbdHbvbQt4EmfiT8,147940000,0,0
pAtPtTfa1DyFmFFHseWjxF29VbFSP1AUdUF7qdiVy9bPrsB,31895121170,0,0
pAjs9wAhv4LEwUJEzCJFvjbd2jrcx1T4j6kQgtXVDPXLgme,0,0,26009150000
rw5s8ekCDqsxYDSGrr7YBe22B24YBYwSwJCjcVhxPepMJrD,1375578940000,0,0
pDJx656A4TYeJvDvGhMiNVoWskncqii4mVQxyhE8TTFEPdV,0,169033575913789,0
qhMXYTner12MHRRiGxVoo7V9h5p3177fefkyqEZ3vFbes7z,0,141890151450593,183550530000
sLF2QGGuuAS14zkaTEMTqtT87F1Lcgc7LGTWEhWhcNQzsnM,0,0,38929530000
qc4YbQ2igLEhpJ2qQdzuGP5nprZsK6ZR6AU6xCGhDb6orWu,0,0,9916374430000
setdxWunVYKP9AdUPGve8sm1tTkNKUnrPKirVX9yEssxzco,0,0,62199910000
pDDfa9LPrpSUeWTYNZLLWWjdcdkPyArhxADKXwqzqbBQZ7b,0,0,2080351700000
pZt4RqKyF1rRSsvPxkJmiySge2djiv9tQxJb1R6UUN76aiS,56259629707,286290666521541,0
rZMEqjVK41Tuv5Wg1E7atg23qXranHndtXoDmq93gx9mWWn,0,139678298502963,0
rkLWMr3DytNAwhN3ugwfEwVabyaKZMtYYBxcURVNC8CQezr,0,0,491528290000
q2XTJ11aJ2mb5hNTYVKRsKDXfC2qSdZE5UHooTtNZJ4juxr,0,0,199439130000
tCcVTDqMam7BciaXGpkU1UyqnFpEDvqLfuA3XakK3N8G2ua,0,0,17105946528248
pcUZM99LpAUgCVLEhUmfwMaf46dJq6n1bmXdUgnmzXWWZTy,0,139634315695851,0
oqmmf5NNLSDuBQB1CKWX4hxeuKwZGNvUkmmEh5oLUafQFes,0,0,526118870000
rME83yA5AMyUvkU5YKJgujfS8Dxq6iC5cveumqGYmBP1naC,0,0,1084372080000
pQRn35JJ2aERMYE1gqE3b5ddfZ2XgkjJwp5Te891kHXtVh8,5000000000,0,8513120000
sh1fTkkpMzMtDPgBLrJpjLizPiG5ng3Sie3c2WF5T8gqt9i,0,139678298502965,0
ouMnw9vbmrQU4MCQkRrMDgXSZvzQDXzPJnasoAYqdn3FC6q,0,0,1460710000
owCqjUSFeSta7THBwnRtZ1vDgkgE1QCgGndRng4B8Q5X4y1,0,619763795839536,190495810000
sxdyrwLWR62gkVhRHr1ZxTwk1EUMqSzfsFqVMuLXKYem3i2,0,0,186851680000
qemwr6DuJYKcYTyWXGkDSPxLZtGBLNnEm363Y5R11SCt8qi,0,11385805878418,0
u3gTNYhjR6EPx5eccBF49k25ofKgEKicgi3fGgqwwXApsom,518334988,65206840060454,22000000000
qccigP9z9difpvr3jgF2oUiwBN7BfqFvZ2RrkWps57f5hd5,0,0,149113498844
t3o1f81QkzxpUQBUQdYj4JK7PGTCLdu8wkQidnK1PiJsG4a,0,0,964137580000
owcnKQzWh4Lag7mJZRTUtNcRgEkUH4hfgGmXCp64KGhvXFu,0,0,30444682441
rPQDauX1ckMHY7N18JRszV3ezut3bJjWBCbtEYarrDj7rnE,0,0,3155060000
oiFQrK2TfxRkVLQfkBHqgXQWpHE2BCmh7ff2w4JWFaihUga,0,0,181802940000
sCpfUpRQ8toforazYiXM42wPELugdtjKaShtdjcsh7dSfDD,0,2137443509122270,6435522490623
t8yMoX9A5yaQM4YmpsFCSprAj6Kxe7sBJeensWr1t3USkke,0,0,241095170000
ofFsAK7Y3FmZtn2LYY7vfgFyS3LXsptisu4Mobn6kqPn18M,0,0,348466260000
tjETc6pAsadgBm1WGbkqLoBBda7JoJZAWSeU6hzZbMkfBAv,4292834834,0,4000000000
oooZQ7pgBPugNC1ZMrdVyH5tbvDrFvPZZm4Vd2bVWvt7m6J,0,124420389476941,5000000000
qY5Q87HAVUAvpgS79B2oRqF5dWpFjuyieQt4sTLMB8R7vL8,42804198978,0,0
oSGBr5R6SD2zfn1KAMbJ1FuGd1mYnUBAcVuKdP6ATQhs3nY,409780000,147105193623798,0
tjh27vSt63MqA7wPkrhSu4apojcYZVkoUsC5qFA5vvAL8FC,0,0,21501880000
pFQRdFtqsqeWiLqKfHQGexUYH97EEDgr3mnxnzi9VPC2AQb,300000000,0,8730990000
pKF6ip8TzEmqfZrtidacVS2U83vG4JX75HQcR6sj9VLdK5F,0,0,127530000
pStdEtAxQHirvTZDE8CeDRmMcRM4cCa44Wgpf2tso3Ado7L,41091476888,0,0
skNMJy91S4qLK2FNk1KYQE6sTD9J7hM1wA71M6KdLL6cRaL,0,139575974180591,0
ofqJqZ4Z9ty7c9YmNobt9QxGZRozmQj58VqGvjdnMB4DjfN,0,0,1188723950000
qJU9CrPTYxzNeuAyhRBdWw8Tn1etNNtk4uo7HtFJtssdCTN,0,0,1087908080000
oqq3zm3fNyo71vSbVpoFRg46qTGWckYmUpuBtaLsQxSRgsm,0,0,52804560000
s4JvechpabBvd5EvX7Gdpwm893CKPKtXXkREuN9XqAeBDS3,0,0,65117160000
ojASqkA18swo89YgYS4xjetvBDaw1NMUd48omoMMP6T2E5R,0,0,25000000000
sZkwgFYSVpFGPaARRCjwdvG1eDcE77gNFEWRtCKYupQoG3T,0,153596942403551,0
pMAwRJSiBseVjbPDZ3C3dE6c9QCAoLbFZfrY1v69LvERiHB,0,0,229000000000
r1pseT4NvtMB5vPZ1VVyfjQhWGpeNE5iXyvbnt7G2zoLLtw,0,0,10000000
s7DvJMP5wDSBbyTTe382w6pyewd1Vc8gUfrptuvQraUxRgY,0,0,25000000000
oiAQPLUSp8tFACtd2xYx5LAvJQy4Tz7QxW4gS25se6NSd1N,158400000,0,0
rF26zot1XkjuH2fn9sHcNnRriHT3Hq31LmR8bD1wgaqBkS8,0,139590559516115,0
rhSjRbxkmdzg2Eoiung1KFQvZFv3W5dbsqYAJReL1AcYh88,5026530517420,0,0
tNHU2gzR2EvsaKxpck5VZdYpzxUHHrE2yeyqPVFePH3WvbE,0,0,31135480000
tRXHHf87g26BQPYSJ5D1ArVDQpAe75ZWfQdBiufVwCkTb3C,0,142699774358933,0
oywVv1h4gbfJwscJNWeBSiwrLPKDi9cg8ugDNhTh1aZTFcy,0,0,31334120000
thJFg4RKAJpEwbL9mykNnpo4GLHjCDcNM8UMSXCyFf5TVQc,0,0,115983320000
shZMNv5X3wZ3ToiPHMSivgeBzVogjga7NuuW8X3NnwJrCgJ,16671261966,0,0
pLxjLBSoneAH6N8gK47SJsDEoTgARAXi5FWYuekJRXsJPnX,0,8527230070888940,6843108040000
pPhrEfT9XF3YeYfY9QFrBAZVLZNjtfgM1yPa7poEWo4H3Zg,0,175476048633540,1002757490000
sbyfbXaixUfdErFHAjoHeZNGDk8WD4Qw9m68DcFSjmcMTTB,0,0,582827190000
rwM5mfh4auzvemY6F9pAUGi3J5KX8kNpKcx5KwG3rSUPs6n,0,0,3153785620000
qtWTdqBDBbaLSL7EuzMog1n1cVVADLfrHZMtw9DoQxgRuE8,0,140913065416085,0
qi4zCibiFJXjykcBayUij2n9LcBwMRUoSTsd2ZHdJvLNyAL,4038724788,114300892966890,0
qexh4BU6MgJcDvXSqZZGgvcimXDhw2thFfepByTeSBNY6s5,681016376722,0,0
rP7Eq7YB3DXNmBYQXPxCn22TabSzAZBizkDk5DpebwmMhyi,0,0,150357140000
sPXcjEg7vdeHRYRWpoQNiE3uL3YKYHwihpSQo98hKgENwdn,0,0,7191190000
qtqvUPf12W8QZLs4dewZFM2TTsMNozKmEFU3vu14uD2UapM,0,0,126540570000
q3Cx1WVgrXtvQJKQv8zGtwaJXa4VFL8MxGeTT1aYRQiCDN4,0,0,3018446640000
tyLqHaDHhGZGhRv3FWBm3fcQ9XGk8HMPfTc81Ecr5eNpCSk,0,100557728703264,0
okwxv1aSU2tm1XAunx2XMbZS6iHNRCAEWkfEt2VaQmW93Yo,0,0,59130000
pasTTeBwvVjcYeBtoNscDkvnHgiXwdqTw83fiPGVuEpK19R,0,0,316738310000
s1e58PC7UBf2ihUXcVEKM58RbpgVTbGoMy4zHBdvNwY3JLa,0,142641008775666,0
pkKXaALcmKBQjprD69pmZ7aahnftCVFyji3Z2hksLhzXJJx,0,0,1000193410000
tnJEStdae4XP8swtktnirqKEmiCdgpEU1KCjuDissPt4eUc,158400000,0,0
sk7zC2ndte9YP6zn7ZHACRHskrV7f7cgRr8C7PJ2w82JR3D,0,0,1351595700000
qofYLs2H8o1fmCCuZCGUy3rp7WXT8WkgUPEYSt4R55xbxLx,0,0,1146719887022
pQXLvTNeZtJiTCc8XnR78XtZ6kggEiNmtubc7matTnGTrhH,0,139572250663073,0
pDUYM4V4FEWTkaw8xYALmcU7GB2PpRpsxJvkMsD3WLagpDJ,300000000,0,35217080000
s1s1tx7TeDD2WK4cYJoHAymyoNYUcyfT12qUXE4dgVCc3X2,0,0,2000429110000
q5oJcRZo2DAss4gXyPJuiwPc7TcpR94ooWrpvxDygKHQAG1,0,0,100000000
tBhDP6WLkFumdxnrbSH7BsXhNYdDKrZaHfV9dL9df5QN6zK,3000000000,0,40200080000
tzoHqyutZ17wbMJjujtYbpALwaXriKHZYBbNAuTMoc2CN1f,0,0,189161860000
pqfN2dRFuUa4Tag1x5Xw9PDfQgV35nGUEabdw5sMReLDg6D,0,139791981981590,0
oK9cdFBuzGyetoAB2qGK3qxrJkbSiuLiij6DfJLgkbsgGiQ,0,0,119702610000
rnmq4zE5iVv3YUu2a1uMTHzrumfnxtsWnQY7Xcf8XSQq8Gd,0,0,60136390000
pJx6LsuwVpKFV1Cn4np4j8gapoJtGqZfMdMk7nL1vnjfbXm,0,0,7000000
svppVyejWD7mfHy9ZiV8EQ65WYLuJRPM6qBCE2fnJnKRbd4,0,0,62230780000
sNVCDG9Kv3wJYVAhr9MFpoBAHLDteH5FPxNCuRZzXhDmov1,20887771831,0,0
sUJv3XV58LNGzhU6YyZdYh5388YDKcwZ6XoZZzZhxwYeQ6N,0,0,1351325110000
u3XJyN5CrK81SDg3CZFZU2dS2tEo6E8TGMNiyaCtUE749Ud,0,0,184731960000
rZCftdh7VfdptE5iWYrW2EZKDDYWb8Ad7c6ep3z7uhtgqKU,0,0,1692490100000
tpSzCWtHYjGvST9vLV1VPapQ466boXKDJLfh83muiiCjedi,0,0,790230060000
qUvFn9zWeNSEgGpkXR5tR2d6usa3MwPXHvChrNGiwgBSJz5,0,7305771360092012,7946294560000
tWTKqA4QyQShwtqekw8mTVuVF9umFMxZTt6yYyyiVw4EdJi,0,140883242198961,0
ochvc2u7cT7gcXh9TxVtDbK3mmTNmZgJyTYTmATKuhQX8s4,0,0,1656429690000
t4W6dsKicQHryKdnwJe5T8SxP387dMxU8sRRcNKgR2PJJqR,492734775159,0,675016550000
qJUziWpnML56ywkGoamm2LoXy8UpsTX6hGTS6tM6QnSm3mN,0,139019352804765,0
sLDSZNUXv1jkX78tHVaGviZpHjCkcUXkPkVPvsACFqyij7E,0,0,641105740000
sRbHN5SsN87HvWCZ7U2XGTyski2QPWXT6wrAMMBS3EjjnLm,0,142688840674559,0
qVKcv8BRsQtJt5BXKnYpy8sB9e48R6C9rdTc7gwdUyqMwxv,0,0,2703681570000
p5TZdX3jmbszSfav34My5VFBvpBwV55d9ucHRmpHZ2FN7n8,0,113856695421266,30000000000
tghTswBbkiMJuSiiXEe68H8Y8C8RMjTb9wPkwJPGcLcEMrZ,15052542649,0,0
tjJ7JgqjdY3hbDNor87K45ztZk3E4J7TBEMtdztHGrxK6U8,184950000,0,0
oVjEP86VB99ZRA5brLQTQaBzUgKHbSNSRnJo8zncTLCxEe8,0,0,6386210000
spZpFyaGkQu4vhDwFUu4xrrFrL49JS15HpdLwdNJ5yBL29Y,0,0,359523330000
rMEKztg1TB78mdbBrvDybyS684c7GuCYLDttcuY7sS5BtcD,0,0,150907198360000
qtgFL6qNPp2PMqu3ruxY6cyvn5Fzo9tf6ntVu5CABTAFkEj,0,93315441736860,677880000
pfsHaPGKJXSUXGPWujgbW7gyxG1mA2jqmtkrCoTfL9afmWB,0,140920521246762,0
t7HyVLBk8MAqkEikDnFeVnuKCjwH1M2pvGVyfzCkWD6n1US,0,0,3075049860000
qmmNufxeWaAV67vZW77PJgZ4RfpfUVqsF72KC9caM6N3MkL,6286901983134763,0,0
oxH4kWjEQovm5NuRjZVmYQARsFgaHD491CHcNPkZUorQov3,0,139517529337873,0
sGgT1bCh5sGBaK5LfzUmDWZbxUnRiqV2QK7oxNA4iixdamM,73028300871096,0,0
sbgXS6GHFFUZSQpkzVvPZXo32iXozfgKmypWW8JmCUkzM9y,645424928,1561346763686633,0
t6SsW546QShXrRCWQuCWtE1JnxHkkGkBgHcp187LWBRBg7f,200000000,0,7165630000
oygeeTN5wubeB64ceRcxqg9Ko5SSJtsgTrx5bYMHqnoHfsz,0,0,27143610000
qfafjDbA6UWEr4SSrsnia2dLBeykZW68hCM7S8JqbkP7e22,0,0,15907163680000
sZks3AfygUnZ1YGCfEwt7VcZzvpP7kg5ULEJNZu56foGRBD,158400000,0,0
s71RzUpncTDvP6ptcoCw7foJKcH9dbRgg9dZyPCiWpv28WB,0,1005531678137582,1069530610000
tQePowc13Huka67QXm6xE1F6QzCuLDRW48LnEJjHotUxnft,0,0,1104730970000
ptBs4vMpzphn9WEb3ioDRC5TyjGMDomGYQSfNAhbuy3Qx2x,9752358949,11268539385287,0
tNufnkWzwWV9NeAphu9eFExT9PYhF2YxibNqvMHALiDnf3q,0,141598748675350,0
r2gFyvbFuP5E1RkWFK6ka5VJk7pX9iCWYoSV3RgLfKbRcSj,183910000,0,0
rS9vBBgUBeiSYECjiRRcF24NsLz3qxarK9bMhxPf7vJJbYD,0,172473575604917,0
qCn7FRoNisFeCK3r73Cpt3u5saeCpMomjzSsn4zaysToRqC,0,314458889964805,2000005830000
ouTmSmaboTb9MovdXAxwdZnrKCPhbQa9jgzrMFzQpkHTY5t,0,46184891505732,150263130000
pJQznjtJPi2AUtovGt8ZReSa66TSP8CyytfBPCvEdNhqHiV,200199390000,0,0
qLkt3fJybHP9r7965YybYDfzHcLgyfMmbiWMBpKMAyQ6Wji,1000000000,0,36501460000
sEnfMWrBDemE53bkiXAkL2gVBCkmKLtczC2F9b8GVYP8Z6Q,0,0,21165890000
oiZVd7UcZWzy4TbmPruUdcRS5Zntu83Mqu8uHSj8SWRuUTi,0,139579511752488,0
qoD75idU7NiR33t39juQn2GRy2Jf8s1cuiUYZWP95BRcWxB,0,146495345223949,0
tNWSo2vK6YxJsdjxSCgdrkHka3oxGcwxGe7qd5QGVmc9BzE,158380000,0,0
sNp5PjKjGj75E2tUaMSbSKAx3vjhb4oDWzgxRkhcR8tKVJG,0,0,90535394659642
pamjdmm4cNmbMf3J9onktFK7fkCaibKGbZNDBhK1fZ1foUq,0,0,35486011470000
tF7VCWCpkjjr49K6mijXo8eMmpNceN6KCdNbN59b9Zy4HfY,0,0,19885300000
pfRp3QKrxAMzaCuKDHRADviqbTqNdnbf1hvn9WLAdTGs7Nz,0,0,30061740000
pajhADSsUSqhARhv6udoL4L5v2uphiXdC8H17cJxLUmzxka,0,0,13030724310000
sPHaUmBx22Ew1zLzm6UV4BPdEMCMpXALgrphPKC6Er2KeyL,0,129893178016893,0
qV6BMz7xxb5Yt13Hpe5noXdoBrZQtez3JFAH7Gp7yWCm2By,0,0,92741860000
pnpbigYQGA5iihmGFd5hT131xb4S213qAjbS77fPsu6yt7E,0,140707081520514,0
pqhK5TbfGUQdhvvZtLf7UAQNFfDzRFYR73ude6fiUTneEvY,139393972,0,2547
rHwvQSMQ2rq3GbvPbBfkkywWtmKHK3SvdRFHBBqxqq3h89f,1582392598949,0,0
svSLEgHLZbrzzdus4qUAm1jrS46bezxfZ9gP4TbGAcFiJUc,13111201061,2309933613834199,0
qFA7akL8dVQ9j8Ybu7sPWHLd2FpT321XJCa8Rw1nVuvCdoV,0,279800138947858,127641400000
oVguE4sS74FBGTPaMiSCnHaKg4oAjQV8JcpVYRStRjcemPf,0,0,82060000
rnsAyi24CgBwshVBprnU42yFTq3zxKdEXrDrpQCP9D89da6,0,0,5376287468325
okjpiyA5KQV6vPJPxwFWyNgUAaN99dwK5MhGfjw2wNzkbjV,0,0,105800000
qoMuczQfAPwny8U8Uxrysc45FM3KZJG4kYUdEJziTZwMFzN,0,139678298502964,0
orW3gKVLKdhHUFCFbomwfa4z5kQMNgvSUs5wAZWo4WZznRR,0,0,2199050470000
sA52ixRmKD7hYTj3HB6BepKFe2yGDG5vB5VyqcNpsXnV1ke,0,0,281014830000
tUMDpVAsLn7XpSNRvKDB9ASWLpdS6zK4gQPaZuMXb5CkdsP,125996428555,0,13000000000000
tKx2hzeHaYykeqmHMJcF2Gbf5wgS6V3CiwsZ9VJSYkbmyaL,22029894513,0,132524360000
qmmNufxeWaAUqqs5k5ZwsenBmhm75jDRbsPrU5GBYgnrf5c,92160090401422,0,0
tyMznuFjfRQ1mpYmctCzTLZXT22v3Z8B29okhTLuuS5xbEa,158380000,0,0
r1pPZtP4uuMJtN5KQq2Wb4GU7QUAPU5BN9SjLZUTRFAK68u,0,139678356075817,0
svyHUre99xXMo6sZPaYWm4WJWBV8VYpFCYke1s7fEGK2hzn,45851387027,0,0
rXWzefdMvmGi8x2vupnM1YSFNZ6q6SGc3zmYKskbjLUsSnH,0,0,14556940916715
u3m9z8xCy7mYHwPfV61RhR1KrvBLPx6htnTent8BUzMxK3k,0,0,153592799640000
q4nRUmo8xkoMKaRd5xwZjbBnk629j5PTpxrKY1dUtA2JTUM,0,2232828346265756,0
pYAWp7QBG7PabCJev6MEhycCsY778eziFZbzMnLLTc9Dkgn,0,0,149658800000
oKEiq2AdVgHKSk2BCtM86n2LHizeKV8Fkf9yASvW55yUBYa,0,0,198051830000
pJ7h1yPeDdmzEkmtoyxJXVpmZBacexw8H3Z5368tWEFT5SF,0,0,2017002970000
tTmH1TEpqA8EBPxRV7a5qQzAKaQhgt4VhEnBxAmxQhRpKzb,147950000,0,0
rt8So9jMd5B6BzWw8W5bvwnoxnzEii8NASScz6yKeNpfNke,158400000,0,0
tjBPW985LSo2WEqnK5yfNSxneE93yWknET5dC3ovdJyXgyz,32065923532,0,0
orsXhaw2A8j3Cp7brNHXnBTDdzJz4a5mkGENS667HbSWRjw,0,0,22005500000
shEhpoyDYKi6UqWHvSHe3v83xHirBZmwPoEvqPhBt5jiJVA,0,0,2449692170000
sYnb1MCVqfMaMcan64h5tJvfe54fAFuEWk38hgRfXG4TPSx,0,0,1257244300000
seJHD1aFKzVmLBGEGJEFV2iZFscAaNNzgX2MqhTWbz3ApXA,55377799630,312441322428622,0
sUdCMjfTZZg61ULdVF8GFrUC5VXHnAbLfwQL1NjhxWxE8bY,0,1119739066275,148570000
sHj6ZqvoN2BGNHRpPP7jVjMkRHpmzMPXRCDLsWN53DCaem8,0,0,689303700000
omGkNTRCe2KgEHgLuhMssaxwyV7PvnLz7eUqDp1NNB6dVpF,0,419967441819006,0
pFy1FaBYgb1kHHwuvqMyLwiVe2cwY8DwAVFoAje3ws6sdZd,0,0,2006654560000
sLMTAGrR9hbAeehFwmdgPnopMDMGqYakoZ3r6bMNgkNyYsm,0,0,950577970000
tpGTxBuFhzQiNb6dg9UEumdAPUQ7cWtxZuxApHaJXRx1BhG,0,0,166550000
oufkd5WG2SrqTxCvWeWXQ4mKpQ4xJTuWxFyMWBH5PjC8nr7,0,0,2213313420000
sxg5uGQc1WxgwZhuY4egDEFHKqcZQTVTB1Z895LqhbrzuC4,0,471467279896239,0
rRPKvqRLSygqcm4E1Cm135Wr1Wz9pum8Jpr2KSDQ7u5BVrY,0,0,5083470527787
tHCgD9pmZTVdwrLT1pRpzd61bY4kHnm7BWD2Cya2ECWdbG7,0,0,2979485679513
rCsxzgD7F35kbTuWmRy92U8yvd1u4hpmu6iJppUWTsiXfQ1,0,0,371686180000
sBpgbesWP41YuHW6xsPVZyQkZtp5piTbvgiNfC5JydapbS3,184950000,0,0
r4yozByempQsm266S17TR6uMrDzYML87pkQ5ve3kCf5s8Gg,0,139678298502967,0
pUr9AJXwJXFqpcTsJf8x1QG9pFPYuNnv55BMELhXhxDWR68,0,0,43282112888
pQNBgdN9MXUSbfTqUCYHEeA5kpymiSaRqnz7zxkRGJEQv22,113587595657,6560776528365776,1798524590000
qWx5htCSxdeEhCGoHo4arHp8cMXGe2SXb2KgerQZvPJsbSW,10000000000,0,0
omAGXxVBfjNCLCqqoMJ1hBMzufXDzqnaG65dN6gjCyumDVU,0,0,1840467338994
pGHoz7vXs4LksBi5sjDphS8hw7w3N2oP9dCxzwDFfpS2SNq,252549527741,130284484947328,259677750000
tvXFCVSXcVVeg7d9Xk1LMP13M2dkdWGZEgacYQ8huc3BGGG,9456614480,1006001776656894,0
qcomPRNPVzg8q5fZzxbV7hQjnX6KjhiPbFckvUdNLxDm9rj,183280000,0,0
piR5iSM3xcuZ4oiMnXRkqyvM7UUs8RcB8UDYKDKxMV4AiTb,2680450000,0,0
rUKiR9FAeJYKitJNvHHskoSq5DseDGwfjNNpUuurgx8412L,0,0,19721560000
t6bpwS9gdm4ie8zQxxxwnk8FHBueNmwaEqZe22MjuvV4SMA,0,0,100000000
oa7ws7vskW5txMHGJWZAKazXeH2yRwxusMnQXMcJHHSnjsx,0,0,30713540000
qRpDNmnh5xJfUDsQhoQ3KhPUrRm8e77GNUB8JuDrrifWBUq,60446649148,0,0
r7D1aMuvYveTNuCh6h66RYVHgyTUkwPwrGVa52vH7zqgLSk,0,0,65208760000
rXd7j7mx1KK5evCxWhbGqDoDaHXn3pcgGoCeJxTPEEuxrjn,0,141502101265387,0
qhPEdhFWmQaKHRsJUQDhiEU2r4x7RVnFcpnBFGdveUy57fM,1511487705,138110791907740,1526330000
oa3aRfay5RrVahC7MdstFqa78bRb69GdrVzmER9dNESv3of,0,0,363575710000
rTxjpBs82FokFFmBWYnmBr9d9XZGdV2HmAMVpnd9debXWVM,0,140043000007101,0
r7xuhVSZBaP4Sp1DkULn7J5gpr3hoVRmoiZ9jcqdfn3juni,3829120000,0,0
th7CVh8C7MushyVDwYtgtbbE7KN4XzmZXcKDMuRkoEMRjy6,0,0,391498750000
sRtjMAU7XNXYwEgrxLApJPChcu6TNrJXhdcqfjQeUnjaAoF,0,0,100000000
sX3miBr7AUTYTTwH5Wu2upRoh4ZULx1SLSicFxSWVvLTanr,0,0,33804040000
tLdB5wTWYkTcensxwWsL3RdMeqBmCudq8FpVaqtFC2GUyUT,76234990000,286364555239236,0
sLBnZMupU5ebNFxh619UVUay3dsNUxr52VH4JZxGZgC9doP,0,0,88330000
qAAG6uH1pEtbL4LZ5iJgHMCRUvXASptG6Q1GcLPPGnaknxo,0,0,41046190000
pMSbMqR2bjw4itYogyXNmqoyyQG269c3xjKCiE3ofuBWA7K,290080000,1747554994702613,795633890000
s29pp7tkL1Bn2xQ8zG2PhLedXuEacrF6qBH9bZWkiSjUXfY,45502274663,0,0
tpfyeo3HhNt2VhTkmsdnqgsTroF6wQ8TXmQhtAbVnRhnqi8,0,139627056344727,0
qPqYqPX4LhjNsC7by2SkNgWLMV54VKhUf4u9sh7pJ2yn3iw,0,93319529175980,2317760000
skM4qvP1CKzJH2P7o4g4BcbXgj6c7zVced5s2p5nVtpw8G7,0,55982580992883,99180000
oMmpNVMu4XNRWezz7bU5QCsa1zZVo2XQ6XsorjtBAp6QJjM,65093479176,0,0
qehgMHFWoCNAdBCycnaE94joA8jwiQNBaheidWhMy2hjYjp,0,0,10061876680000
sygcua484qMdfDeCD1LLcks4eqqKnTW26a4oFeZL52faAog,348014799,120621931108776,0
q5XyF524NW4qNx78exjJPN6Rf2ijoVzEcDBpbTivNLm1uHC,52991925982,0,0
qPicaRz3jCRYW8giTV8SPaKiK8q1VHGAoGfzZQCnfdcwztg,0,0,81729100000
sZH11nKM2fihotLJnsTic8F8Rq6HttUG35NjC56f5E5F1UA,3021807227,3727675600128895,1980000000000
rjaaoFW5NQfRFTNpvhtwyyMFpAPiAc9sQN7qt8c5Dyp62yq,0,0,2686470150000
rSDjwi7o4yPrAP8YSCBpPHRGfnyKEj2fM9V7aSC9EnoSEW6,1503406299,0,0
rxvF2Ns6WRT1xZ1jFhy3AwhzvvjaS4bVmMgJbNLV9jKxWBW,0,140013407503264,0
paKZLzcNx1PeVpHQ8dgBPBFEVhRDHG56kfSyZteJeRJoGJT,572577749,1500107723296028,0
pJuzT6e8YoyyBKQ5jWBdDxHGpQRvqybHgFjWSy2iQTycCFS,0,140057756937700,0
tBtmnDFWByR1XcW1wQTVQXoYdpehvdNqwbEJT4tk1wEVHQi,8622222514,0,0
rtMxyV6Z1zidr88CLeFfGoJg8xWRqSU6oVTc13qSWBeFPgR,0,146191236775705,0
rXjHRjxwiLSUkzRaDn9fJWjbWWcUco6UeZCpEMFwc7QfEEZ,0,0,168783630000
sqe4oKUBDbtBB25md3AYeqS99pAcmeNhyA9ju2qPfZQqrot,2032582447,45358413496813,148931030000
rCUZxci4Pbdiy78hnELae9dTSk6ynEU2Rje874mPeULKjUo,0,0,126668080000
qGHnLSdELG7Y9CtFfyE4T2bUUBNM4qpZEUovzaj5kDFK81W,0,141873871709242,0
qJHH8XoskRXdtZpgme4N2ZSDATi3yw2BfPyWgVmDxyzUcVH,0,190773929829133,280564960000
t28Yc6Lr9jKa7JDfg1pb1JHzce3T2DpysJUST2FLMXSbW7X,0,0,157752600000
oitqr8zA2FHgx6ZXJmvM5kfPe51Zrkm7xmMi2jQ1cvo91xT,57825393503,541516067923518,0
tziisYeqSrKVH5hJ3EoGjcZgX2kabMKrSf5bSF8UPUkAmBJ,0,0,342163120000
tKiDd8wCN9egYBJkFU7qqvmGma126Tp7ATpGnhP8EHy1MTV,0,139733273504696,0
qvn5YFAroUQLEVUr428bKzPJxLZJrLj7kMJT4fcN1NrepCC,100000000,0,39994870000
pSqRvZeSz38PFNk1WdP5axxMRqYYsmNAiqPXSQoymKAZ9C6,0,0,4624360000
u3YW74Z2qgGtGhDVTsEtwSHfJ3zMYj6RYa9SJtpUgDg4NmV,0,0,2678310000
sLo9B5PhA92NJtKWDUWTNVzZP8KJ4bo72vSJuAyVKRrKMco,46325971497,0,0
rNgNe7n4XbSngASmVC1J7VZuGbnZhF3wNeiwKtHqt7nxhcM,0,0,62540740000
skWLhTcLuKsnFEgZ3QjBpbQzxTjwhbAKwAADAVhHionRWMD,0,0,605196540000
pcwZRssb7emicVWB9WPbQZKXUnExaAoDERUEdyaMdZEb9JQ,0,0,45864836360085
ocuC8zrumazWPXWDLiomNtFPuzjDhyv2TsttZs1aQvwyJnn,0,0,459508360000
rtk1SPxdMasmyBvasfHRBmzedZriEWoLsaDg5aSbCHfuu9B,158380000,0,0
sRPiCMf4Hod1HN1v65TaN4R4cKNYy9ZFvvBequAyw4HeR4s,0,138993536212309,0
s9NvnrerCJvxjbWmFG98tiDQVXx8oh7jqvVGKYpHKrLtny3,0,140927977077435,0
rM11JwFRYgY1iCtej18PkYu4PbYaFY5c6UhP11skgjewfGf,0,0,62447510000
rsdZ3tujfDYPNwCrGEciHoipnPECdc4Jq33nabPPLDypKoK,0,0,1438440930000
r86RiiYQ31TbGFVqUSvQ3eDt4TFR6MNqx6PJ7Ssd5tPWci6,0,0,1083577350000
p5iMPhpFVUymu5h9LgSfQLtVsF3VQcwgM69Bkc8rA5n7dfM,27141059515,0,0
qQ2iFLD2gpS9dv5PHNVTD92ThwnPzw8XheJuAGEG3e43Tu5,0,0,49003780000
ozaAKEFbpc569QUfmwaMwDng8jbskgKEdHxVHNn18EPR5J6,0,139634420519882,0
qJNRNEn8fTJs4BPG5caYkUVP6RCKdWBojJNcd8H79C2DQKT,0,0,2823669090000
ocigVbAbs4MAy4otQNPF8QWRuuKctCau9ikrFYKseeqS8Qg,0,139649067413603,0
tcQCj6VuGyRqUcD6y8iQj4Y4DPQ8biMU8Z6uTuJZBicmPjc,158400000,0,0
q9wVMXPz7wD8ZXndWRprM2rL9qV5osXietNskibbb7Jq49o,0,0,180890000
pXthrQSRSL8EQsTUyBm5XqAZCosXuQWuhjaB8hB2iy3GTje,0,0,49912500000
qCrsvTydkS4JvPZna7du4y3DFpxqP7TaAameoXQiCwSNUZ7,0,0,348040900000
qDCgcSpPmZ7f2CtPrWNSoUr9kuqbUdVbybuFvABxDVJ3vtD,1171422500634,0,0
oSFcE6x3jVm5KotFsDBHqN18HGMxqbtHRmLar3JMRMsFWA6,0,1568135770491604,0
pVT2ns1R7uGHb7EHspDqWuUNzqu3RzQ3itLRiJPh9xgF1u1,0,139704005234328,0
oaFMGENQKADrR44vakL2Xp8XG6mzrtDSDfLpPYvajAHFk2y,0,9332255784289,0
ryXznR95Bk8vvCVSe2uUT8VSGWoVMqrTHwUJzhBqwcxjdjG,0,139685611662855,0
r5WWppuRY3HfQ7MSuK8CRtXgGUHU771NBZAinbA7UMnzK7Q,3475471384,0,0
qtbWpa9MLond33XnP4aJfvEP6iWeqwHPax2uf6tdy55q9Vj,0,155748155623255,0
sXMWZdfKfefBjnkXkhdKTUu6bGCVCYYXS3JkpP4hHJngs8K,0,0,62571860000
t6V6LEfnM4ckwCGG8cj2BsChjuwQSUwW7qFvAUnsATJdskg,0,0,2004675260000
r6wcdZjWLJcsLQTgg6ghxp4DBW1e2G5tKdW8vVe9kRHtpYC,0,0,106260000
tuxV92rLnAtit7si3fv2ZhGKEGyhQoW86ACPXdWY5EmRNiF,0,0,1688547690000
qcFG4SUpsDZ5qgrxzyw3GcoFBviXCbY5vwRgkabscUj87Sj,0,0,11372047480000
tNDU9oBotHS3EMZFHhNkqH9UD2gfG9jJuyAouSBAmVjq7vb,0,0,1457218830000
otj9EzUdp6GJKXJrhWrH99wthrcuKq5pSeP5J9YvapqiWAq,0,0,3433968190000
rJHecYaHLpDqRJBwZyMiRL7axHwo6LXJPmQfA1z3ZMXEMpQ,0,7103385217233642,19959207730000
qqeQf1kF1pbvrJN5UYPjYD5A6g38BXp53uP2J26TK2qkUw4,0,0,24497980000
opD38vcEVzJ22z6hkPCemY9fxHTzUNGp11ZYL2eMRbhMgRN,0,0,19987600000
tHTzC9ZkiiFzRiUgcN5iYXuST3ZWGk5c132M4Ad12TK9GVn,0,0,3019949490000
peyRt8P5RJ8TcQVF1LoxwaobeSHDjuzzPpxneg1k5Tt6Y5H,0,159508201320490,0
qMPjR26V6MEELNE6WrsDHFccn9H1etz5Bm8pnY6omfCNQqp,228889679495,0,0
qLkG773EyvAzEGM9SBd5oZMT35T27fvgxNKCv4rvYNtje4m,0,310932225014146,248344554812
sZM22AZg6xjwxrovT944Fc8biX6YFbCmbNSErJMptkhuZr9,0,0,699731660000
odXYkLPspMF54c5cFycnptK9kFjsbaWo87XxBGjXoDWR8xU,0,0,3387247920000
ra5cBUz8Cova8uBjCpTYcLLiLi7M4QWYBc7Lzatbo79PLKp,0,145665702240698,0
t6UzTdQVBrLvtXrG1wQ4A2a7ND7LnrJpHcv7VqXCGoVsrZ4,100000000,0,109240000
oxHu45mo1b2ngktPRreh54J8pCtwj7Nxk8ZmZiGGsVTjiFe,0,0,7527149310000
s1zc14boaqByFVAsB5mSGagMK6ynRV8WLZ8WwwrhmSrr7y6,0,0,11308298960000
sjpBtN8BTgReUweRmxJAF47GoH6EugKKDQbmT59ACxx4n6B,147950000,0,0
tskNuBahmkqtL8iEZS64M47BPas59wPTzDjdAYVQXaZkNe7,158410000,0,0
qc6DfdZW183vXsNFtQAJ9pQDt6g6AjvTgbNVaZrkEFReNfX,0,0,30000000000
rPUG4d7Nn9evnSNXPPtxb8MFmRhHfev7RUJkWiw1t77zkaC,44588872645,0,0
sCV6bhsuQVSqFSvNQL7cikLx44knVEX2T21wQ3c7KCvh4Fb,0,138953116264809,0
qnpSWAcoAcHi8f3UzTrp1ZYQaA6MSkyBJ1oM3E56d38hPjv,75251920000,0,0
pXh2x4H57j4js1V4XnSpHyGBrDXRo5DeuEU3rX75rHrA4tT,166620000,0,0
sL7ogLmHot8RAhehc6mfXjArjwQJpYMkZHYwMaoVxAZNuu5,0,0,4516986530000
u1CN4NrkA8uZ9Ms2D8dLtGVmtSsYFknpJRZcnKsJsBNL1Rg,0,0,50588240000
oT5a3ALDt23ryoiJXj31T3sL3xLhT9M4JAiiyWaiXFBJFt3,0,0,1486636020000
ts3Bwue7T1B6dHVvejzXmEa7BfM7Vqy9f95tuFoxXJWAfnN,0,0,100000000
s7cr18k7v1PbGUMEdvjiBue49MRyjJRYbmvF8yPz3sujt6S,0,0,198676020000
pA8rmtc2SA7aXHW8DrLEQe6fULLHcsCeaxQnggKiigqAg1z,2158904015,487743327055360,0
tbvj4dPw5dpEh5upPCnUnNtEKe2LPN85u2kEyp2YViKLi2g,244052485,73478454741072,25041130000
tYtxFz9EoLv9PM1TRVEVueAzi76hcvQwf1wGT5cJbvZy97A,13241160480,0,0
tYhh7EH4M9t5YPLqehssuTHTYw2gpMzGEkkdY6iuj9qBogF,158380000,0,0
pXjPeG2CgWkdqavvLYwLMRFhcAXpzskiL9d9CTT1hDscLz6,0,0,11870000
qFcktWgUj9PvoZTQGxKSrcPjyQTCzD4DcSmne8byZzvyW5v,0,0,2761790000
pzDKTaucjnmLCsvkBzgombQKnLfXbxrs9svLs45e7vi7kDh,0,0,500963900000
tGkV8tX8osg4Ys6nYHdbydFuWpxyfZuSsPFsGcS98bbKyXV,0,0,369727280000
rkd21H3TgPe4bMLjtHeBSiVRSdxBWG7nkYeiHoa9RgsREaT,158400000,0,0
okamEnkd6MV3Ld9NCk1EsT8RTnKbgGLkDZRQXY9fPx3KAHv,0,0,3531336940000
qLTfs3eE3qcSjU8FXeuKxF2ka47Uh3c6YkHhKthSG2ngjFZ,0,139619730360326,0
poZEvhBzChNuZx9gQiUYY9DL7s8XdDh25d4b5Pe7CxYngVT,0,0,421303330000
sqhGHNeHMJWqMxUEMY8GBpj5sSvXDbdUD6UgVLPULAuXGCC,0,141901402483572,0
pis9LqxDtg7fGpdDnZgVabu93sUkXi5mmdEQpAWUcvsqhr7,108110335014,0,0
q85c6gpTgrh9tMot638yJqogg5BDons6PJyhPLPW844aH9Y,0,171164455865164,22476460000
pCoQHwMeAfQxZoeVMjUoiPxtiVA2UgDsNcJm43R4UKCahGp,513221768549,0,0
tKnVp7Lqturvi2VXXwqfzeAhw8reWqDVNZ6LbsP1C3ufo47,0,0,45588660000
sRE77mbqP38bznN5zwgLEsH54T6RfKRkyULMrF2d843tQfB,0,0,31074120000
sFKumz3ewTazi2dZDu7AU36At7heeUuU4SGsnsdkSt7uGPe,0,0,2074468180000
tF4ZvnStQgEVgwQgh5S7jWGVLQb5nwi4uzPxoEcniuRcnDx,0,0,40038590000
paAhcvAp85jcCx4BBxxj8pxJw2HDxLiXmMFE1oyAPQiVaBH,0,0,1230523790000
tHgxBi6vaC7eoNxefMuWsQRMS8sqjYXr5Dj4Ra6t8cj9wbL,0,0,59921280000
qUDoHJib213agBunRuUTiUpLc9jSj4mFmHDh3J5otumRvCc,154430000,0,0
sP7nRFJ9otZPPLvBSAhLv7P8zAVpxaStpmBHMHJntAqWT4y,0,0,536170940000
pQMoRGzc55yLyJAgBiWVdDWXss6BM76Qbz6dfAXcjyTdLYs,0,139586839464187,0
tWvfTAk6857vKKJP7ahD1vi3pGSMwWcTakkaCqi9jYR53vc,0,145813530015086,0
sHv3N6MAgzwvau2V8CNXUrSJzfPG25scYMWXEuC1MVrmuTG,158380000,0,0
pM2fDbXgXCiq5EaGGkYqa2ftovtPPSk19hVPqXaKJ9R2a8x,0,0,15000000
theUSgmw8VHjjRuxrpLi2xDSrFCDxMpFssP6BawuSeawTad,0,0,49912030000
oi4hrNfRX1kYdpABabfKVRAokrjAFi9Qar35fEySkeyzQFP,0,301659474808998,943466060000
sWkxuzxazCXAWAFgfUu6MUK3PTrisZ1thyPd58tP1iAeBYc,0,1383036805237990,1196360760000
rqVoC7CFb3opVrDvEG7xfPqUQSLbh3LQDsAoEc8rb2fPTEs,0,0,90359660000
qQ9EdTyyNUR6BFrqcPToLyKYUZ2RULXJ73mLwwQVFrR5pCv,0,0,2508014230000
pLhNsUSP7kpP98fRUqJ925KZenr11Zo9pLBUTmQrkYurUnt,0,139733220479184,0
oTLyh8BgRNu8yzsSHak7XHLb3VZhzvxSYAFedmYXQmSnGHQ,0,908888885924755,9619980080000
rCki3Y2et7KDNxuidkKmnadi95rsAVjo7AhG6JqHXWoCXvT,0,139931623111012,0
tU3Yx7rX1AFxsg2WyCPEkcS97xgLHEF9YLHK4b3NtzZLrKy,158410000,0,0
rNu6WbXD4AoTih5KApNFSXaU7kKPs9MPJmDQrzFDfQ6KMRR,20882252868,0,0
q8KvELERmd4EPkdxirXXU6jjjHjxz7oVfSZXxvXoSshUVL7,0,0,82890000
sk1XXRtTmiG3zKHUSqDRYoeRnVpxtM5xn7APnBcyxCEaCrq,0,139998686564275,0
qfNNqDwKQHoWH33yFvmiuY5jJLuL2k3vAuMDQ8orQEpGoXa,0,0,124331970000
tbFYdhYGXnY4E7JtbtDtJknzP1RsUX65W1PjDrFYdLWDnCp,1335971465,34018810123990,70000000000
t6qyGw8fUeVFdGjT83oDU1JTmgSeYfhmqet8djASv3Qn3WA,0,0,40019680000
oa5gYe6DUB4d5JTMfyFr6FCk6kKWhdZve5P87BHFwB5xPDz,0,0,104743147312
phnviEni17Lifuj2h2MQdGuBVwgXWn1uqBiWKnQc3ULgrqb,0,139557661861957,0
p5AbcZ8teLasvfhVPbz96USmmq1Lx8FXhcnHexmVqMAmNpL,0,140935498846057,0
pfsq7gfi5gGzvk4WmDFgvgPsmFbXmG2qYTgbfMq1UpHYTsV,0,0,6249428850000
qcvXd4tv17xpYzPGKMMNRuQ8Zirq3iR53b3VSpaFroc1sw1,0,845182910478131,0
pB4934VsN2MyvuZ87zXTmmaGKRpFpqginiD1d6k5YEji4CV,0,0,101630000
rc5TwPrya7mcd5bLeWY8zZngW5YZY1QBfTfW8qKfbwUU8Zb,2925311054,455701804624422,0
tUBJmig2V3uf2XHhfjjBeCk3J2qAXgXw3Jx3e5TYF3DH9EL,0,0,797488130000
sF3jA865kE5gs1TzwncQSgSde52UnFz5zrpwCfTR8oNUsGx,9777775675581,0,0
sbrR1AHTyFG9iEephQD6qiU2tR3WFaNePX7ooR4NZ8qY7UJ,0,9332205705762,9736400000
rkXUfnY26T7479BUKQyQqfy8Qd98ALv5w56GaZuH3gne9DQ,0,140886963224383,0
oXwVxaXq9VEDSDtwC82DGYhp6binfGgHCJeH11TQv3MFUSm,0,4880519781920490,323331800000
rXSqmhNP7PFwNYjUNQqvTN3DwtbXFpTJwWYKSUuWRqhvjzp,0,139678298502967,0
oYYehcXumi8PXT2mF9SBgcUCii18mMHXjiQXUENRE4XSeyJ,0,139612404375922,0
scCbL7ak9hjznra3vcSSf2b9iaWbEyL9EiE6kcSGFiQAM4i,0,139682043823641,0
rSMPYVqyafQtVbAn4KWAuRNgVaMi2hvQTuvsF1BqrmTndcD,154430000,0,0
tEm3dkypXR5tzYPioqWc2HhxEYABEWJQheKiPHgJhiaXgso,0,139605144938222,0
qoVVSG1AjUPMHhEwU3kE7wSavDEQRsjQqxNC8msipezAuFi,0,164594965891048,0
s26ksidq1Zr1N9LcnDqfZDZ1iG9EkSLof6ENBnJsWTC9oyu,0,0,1066525310000
p2crt1pY3uzM5LrmHXDwZtqcLntB9UtbG4XEiBAGUzKDfpG,0,152990055776768,0
tEpwHCMKXBY3sRkrg9KjqJfo2C76V3hN9hdrGsoUM3xMzWV,0,252880613598175,1080364430000
tZcAgHsXA8zqZ3LZcF6eowbH9qZtM41UNe9XLvBMMGx4Bbq,12404822638,0,0
rvvZhLKEUvfyUfEZpGDJgWqmrPUdkTGeMqYcjN3F3V7UTDB,147960000,0,0
tX3Xor8M39iyzZ1ZgTyk6q9cRpP5YJKhSihKqmaHC8GgnUe,0,0,2781370000
tpRdxFqMk9mAUoVojtuV6ttMCYeRunuCqCc53Z3p5JMZdGX,0,140076192773239,0
oJoGCoCCR8UVrGDkfddLFLiwuoGvgCrHxzXe5DyJrgyopYP,0,1329700093957973,484429320000
t6WKCp8J2D8W2EjHZSDCQ3FspkfAQG8BRERfsgy3HgaJ6oa,0,0,282302190000
sCHv7y2bfuS6cwxfvhbjeGV8f5StWTAM5a6gJ2QfgirssQe,0,172454425724642,0
pZrQTvTF21wVJCkmqU9G36bq1iGc1VTw9WSr9s5J7tmtdTj,0,18661809525596,134430000
rUFm7ZQzd1emC5aBg1Ct9XFocsrQa6cEZ4hsYLxJoLb8UkY,17209686073,56698016869645,50000000000
tHKVdqAhPMXtg3iSvWF4cKJqDyZR5GddS8iZXka9en1WCoP,0,0,82850360000
tWqR364TqMvuKbmMCtkrKcPmfQCuhBX2oV1nGoR8iS8f6Jr,0,141663372836704,0
tcPsRZvj8TK9FRfDZwmrmbvEzmGAAkUrduowwW6DKcUVSMn,0,286789019555765,0
rqTL4hQat6bpf15hguEmSDwVURq41y56anbHF7g9uKTNFjj,582127703,1492969528651212,0
sc3c4sTHTZEgiFSGuTYoWg3XGyrTMFcgBPKJeWi6NRqmxYv,154440000,0,0
oufjdijXxHbWXh34Wm9pAZPtwTPCvsKJfByd1CeMcjKSsFW,12967940418,914729066460229,0
tc5TzgfFQM7xF34L2WLHLL3nimmvKaovmJQecS7K13A6LrX,0,268381499009442,204136547000
pYJemkx1R8SsiUmXCnD2eEFn9TZPXi2UeXSwtXnJccX7Lqy,0,0,12283230860000
r5JxmDJYe3uEvX3oBLduWiSHFG4w6epY3ekTQCCAMLnpU42,0,0,3993054620000
pDB6vxYGEKyssDpovGbhQbkBWc5EipzkrDx525Wp6gwJ6r1,0,0,10000000
r2skpvtXr8nWbQU4Dz8kYnfHZ3TNoEMU6RSChZXb8YNVjLY,0,156899736083737,0
qnYsQNDwQn4N7M3ka3kuYT2f9aivEaKex6vLdHFUN2cDayr,41430447733,0,0
qtPd4yijusibC4MVtNywdXohEGDd95qPrjHpMRqoEL2uctS,0,0,9865674440000
r2q5RCR5CfGoERPQLUbLCN24UrKTqGF43CUQENiNQKuz2jj,10430118056571,0,0
snGRGR5o5YWeJiDWBGAoMtZbvT9i3Ez1ySYfuUskQstungw,0,0,1044055280000
q7xSfEvone4pPPqGB1357q27rtgvfPMQ9LHZ1sXRv6xASEq,158390000,0,0
pMH9EGCHJGrYc6ELdeBnFxAgC8RLQeCTn31K97VchNA8gqY,0,0,90337400000
tN4dEpBa9gPfac2Cgk4URFVxcRypF7nGKtb3hRk2mwgUMpk,871274388434,0,0
rekNRx6Kyxrx4uY1RXthi8p5kmGvR11cEjDwe3cmmMtH6wP,2661070000,0,0
pYP8mApUWWndnzcHcAQPSFp1QmCmZpxwjWdCwdTFX7aLyuS,0,0,78182500000
syGXy3CPgimoFkvQfrtiaPxwhw9cgoxFgxbn1YSbHG1C4fm,0,0,23146124710000
oKRj11cbTWFMmq9Kz9tbTY3YqQ18teBQho1jAFQGTgqn4xG,0,0,2297779440000
oabAr98nTsS8XrWhT5jvo637RZS8xvXeN798Txs7dwgrFJL,2041443032,34009612573863,200000000000
oYhLxWUhTqpvifAvwuhEqojTsin2z1831jCBpuEehq98NGX,0,139954943000838,0
sEuzoRW24EzxdPnjYYVxn48Eh1zSMirkj56HCaY1QPLkq1J,20134432320,0,0
p3Jy3sSZgcmuQM5moZe2ahM1ikoogrp1uNQLs6oLD6Q9JDJ,0,0,20269162980000
reooprVST6menh4kZmYgkPnRT7Q6JuTNcPQZjauyeTAYbEA,0,1025077338617039,0
u4c5QkACXmEQVEwLYo18Dp77XztvxGE367LGGqgMLBvW7TD,0,172733306250453,0
qha4BTagHzARA3fXaysDYGHsb8CWFmz699Wrj296zUK7kd4,8922491090,0,0
rnfCELBPENusw6Zevd8KH33w6ZYamv1gNxCXutWNBWVKx4H,0,0,34185750000
q7bd5nfWhNNv1RBYeSqfGw1mdxydiJNdTxjTvJ7TYbyW2y8,0,0,30000000000
qemh1uYrmLwwA2ZbbUFvsGP3ViUmzyJ7y6FnC8z3JS43tYf,0,0,4159384790000
odAJ6rKyv8viLywUdhVSYeDRsi4g7Fp3qmkyuEQbmDUi9N8,0,139935327459762,0
os2dwQMLLzm37LZmzCRAp9CPHMfycynT3BpRNdu2717QkPa,0,139700256087147,0
tjmQuhshrdN2mzihzQ3BhfgC1RiCBwD98Hyv2m3cYeo3CQK,78091455099,0,0
oquCcWfGg22ieiqCBA55exhHMWZT8yPtnQLr8HxssnQnK1C,0,0,3231859050000
p5zFAkzpaMFVkPztZSA5HL5eP9Q3cqFoXPginKknwq8nTNm,0,139678298502963,0
pr3jZUVGa7gBiN15Mt5sdqpK2YcheXCpLtptBrdL6zgLtwe,65947570315,0,0
pMj5CQ2qUCkxsqsuFW6qFfAyKiLYSbPBJMZPBLWp8vHhm4K,0,146285896261439,0
t6ujuAXypsAYp8yuU5K94A2tCbufXAGsKGneHaY8PX9daFm,0,139987598185347,0
pthJyrwFnpo4bVGmLW77hEahxGrV9fSzmjBzg622K2hmNgN,0,0,6868912740000
qa3ULXPvAev1eDVXMCaT34AyET7S2fEaEdxGNsRsQH9tZDz,0,140942975384415,0
rbrUKbnJeNyqdLfvSQuPzAZ6AyFgaj4rPj2W5VTdTDzQswX,0,0,680130000
tHYmwvDCPo75wrGgNUGoUYSPZvGY3rvyAk4kxjks4ghYgJD,0,0,40000000000
qLtJEHcgWmViZu3L6rLu9Y3bStu1SBrfSTcyu63iT8mhwEe,0,0,256875410000
pQFtTKrgoEVxEW7LVoVWCBC1dW9JCt7uKdnZhoVTMNBprHZ,0,0,1001374120000
sH5uqwgXARPQjZDHwmA4KWf4fZ7rRwxsoPKFo1HbxC8Pzjh,0,0,100000000
ow4LJaKrNydai6uwcXPAagpgLwwFQDuRrJhJHj7hXej4gat,0,139777281492970,0
st4BRssuQdYHs4rjoB4ADyEWrh5HRAFmU4N7gSg2yQTsa3V,40530725264,0,0
puHo1w9arJ8shNoQjJsUa3ZHiVCt9gCfeJfPgW8RJtqVpTC,0,0,985909810000
pzLkSvXsqwFqM5ezryqM2aN6mKodYoMvhJHrvbZhvdJKV8V,0,0,699806070000
u1ZqGsdHei7uMgrPS6ThHTZ2URhuz227j86o7TZT1K4Tq7z,1731867120,138042191824631,20000000000
rhmqa6soWMcijeyhdNnAvjkUR4DHssvbK1KrjJoTNAj17rV,202040094725,0,100000000000
pJ3Y92S3RxJ3eJpdpTFUzSevfd55zrMGh7rRtkX2LrTohk9,0,0,87890000
sRGK1ppsGzUpwnsCAhLGEUnK4R5mp2btPXqyDWKgNJgHLia,0,0,2597057218519
p8ZLUekU9EhuUgXv3Ac1KGmc4wWHVeno1mUt83QF4mxN8zX,0,0,4745770000
qWuXXJHUZFytWn6uc5PvVmK1vKWYpYS4xHFcz6yLzRSC7zB,0,140879512364752,0
pazGvozeEQmEcsP78nZsDBaz4jvdfk9i4Cqf1GbpwMd1thE,0,142704685224619,0
tei5idDf4E5vc12bYWtd2WQTdwEYTB94jbasub7p1HGmgQD,0,0,37736310000
sUAtE8AZ4tzke5vE58euBTniDXyPFDNtf4nRudJ7woXyr6P,0,0,1845390000
pB1wLVkDnQ9Sm8gzEnBLLE8qAtW4vjgmAB2gMG5AKc2yjqC,0,0,9479940000
tnrMbfUkw9KVTY8bdu5Jwe7zjNJ2kVF5zSHu2s1c8j1oXGd,158420000,0,0
rqME5hn7A4e9kocTJsjMc3iwprk58Pjxm9b13GgarwXZfHR,0,0,3099629180000
r55jcNpSrKmbguTQTxC4oZnTMYdivQ2zTarc9Pkvv5qJMkh,0,138842988039583,0
r1dJBmxmAyWepo4oWYFLkQd6KGVE5Nqzi9JE5LY6Ezfiv62,0,232967413074844,2000339810000
tKuhiYxtyua5MoxiCLEsTxQ5HkMCnUzgXsue7Y2gfc5NDb6,1225407633,0,0
q5PfBwUbZgAdWWRRq5gb4LPo7ZMhdUXKddR8prDmo6ZCxiq,158420000,0,0
qkzZF6JzfCjWNccJ8Yo17ZD1AnLhonQ7iCzvF4njKfx8AY4,0,0,30893760000
ri3UbupFSo3dznA55NEVonDxwfyN2hW9dJ9tJ2mvRLapnCn,0,145759688127585,0
qY47Rnu2d3qjtN8CkTWeXXqPhCBXUs6Lkb2p7mRbtaLakR2,0,0,63741220000
pqXzaNEARALz8hx74Uqh2AsD5PxuncCGDu4JJSimQ5k168r,923723027111,0,0
ryVPwW3iJMxenjgJNBPjkWBp91gDHes3PR2EiExqfKJzcLA,0,0,8450930000
rLof51ggkXkU8Fk4Si2u9UmVedCQ3N1om7CL6UheVsmyDtj,1501110898,0,0
oaUCCyziWPcXn45qG8h1UEA6pWeH1CDhjTPRbBiZmFSUUHq,0,0,202960200000
oipW25eKpXbpuxpCZ2B65UtwKz9Q57baV2Jib81jGCENoM5,158400000,0,0
t4uhSjzjAGAvbQWxBBmia76ykQoNeVw6gfY86DKEV9A5WR8,0,0,11114149850000
sjLCDqhxLKwjsXzAS76VRqfDc2UHxsZU3o4QQupdTmXvy9c,0,148699914184992,0
q7qwtAebgf5YVUq7CX4uCVv9Yx4gKnExwvH14dEphK9e8Kx,0,0,33798960000
resxpKuZ39o5F3WpB6eYfxfoQBg5cJ72Y4DG8mZtiCbuDQu,0,0,40337640000
r9fHGhT19t8QUSLc2bHhQtH2tLXkxGzY1pLnFpAbGUisZNa,0,0,12326950000
rP81SnQWvjthf5swZSwr3mfzmgSuQha4vq35nP7WSoEu33H,0,0,424265000000
pfymHmqLxs6LcypNQwd83YDBdhBtZdsgqFA76QXtnoYtvec,0,0,3167510000
oQKoGvU9sNDtKh1v4cpPcbpsTw68UZwmhGZC7gJ9XeYuvWp,9991495536367,0,0
sfKFgKGboRdpSCM3R2dp4KNeQkJ1pmqBdW4m1HzCzSE3oSK,0,0,299982290000
rJFM2oeiZ5bsnrm7z1ttscMxQJVQ82prMDVieXwxZXRySqP,0,0,520731070000
oubSA2HaZBf5xwupC7rpb21k2GpiVyQCaEocTF8No13ih1H,0,0,122208670000
rtiqWbGhzyxhdQ2ayiaxbE4Ru9xYGLQmJYbS8vu27JUbdk5,0,0,1393776210000
txe4bZvWrARs2jDT2VeMKvK7wTTwKicuHs6N11F6nRq8haL,0,140039229660198,0
paFX72hRoizstPPXPjnX9jg47nbxND8kaQcSszVxD2LDS7v,158420000,0,0
tHmfUmLTEcXM6pTypbAh5BzUaEwr77c7tkDaGEp4BCXhds3,158420000,0,0
ra95TVEPkeBmEzwZ7r8QRez9zFM7nBieJZxR3juvgeJJ59B,43206093281,0,0
tYiBGQH52oDUqPtFycxVtpRPodg5qMRsAv8f67FVA4Z6G3i,103549349016,0,0
s6dU8kYNcjt1viLQ6tXwMVAKrJJpYPSBJM3WFBkAadArs2n,0,0,2669185570000
u1M9UKaAQYTa5V6AbF4kpCtQCR7kxQLi4uakq4gj968eeus,0,139927948230140,0
pFRULNstJ5C5FGgYoTvYBv7kj4hbFS2TuxY3YubDRF8HJRz,16915654011,0,0
oVPdMCXZ7ybVLChDgvVSHxbPzvRuoYzGHqNxCknTjof4BBw,0,0,20000000000
pyQJA5juGPh36NUSN6RBC5TgtW1b1Ca8hFrPnnKcSv9tpYV,0,145665673024470,0
tNZk7H1BwPFqfcJQxbErPWSbqQ8SVi5MCB9VfVPDEVSHKoQ,0,0,40776330000
teg8QVB2cofJAnUnr1TTtWtSA4r9Mge9hReuNcq1zS6J8bq,0,0,30000000000
rhC9BrwghoV3s4L3hL2Mkf1JTNS5QQgnpi6doR695i29KTY,0,0,1339180150000
ryUkcmhfEgFwLSPpnKGgR4JS8dDoXaQuUwqjpDzGvjk53j3,0,0,188500000
s7J9QFNC2VY5Ax93GBJhT7bhxkivU7bEr84mD1Z7tesvcM8,0,0,27196969535534
pAGs6xSdPELENPdewu3bqy8VF6w2voAax51a4kB13tF6wfu,0,0,234358150000
txG9kzsRATF4kuejDKxxhD2skKdCuvhJb3LbvsMDEPvoeSc,0,146281165712718,0
qng1LmAkThtzMpMbXj6KY4TyqgGerJBEiU1Anhg6fusP8ni,0,0,681110980000
pu4h5PPMgibpa3SpqdJa6wX9oLnqAm5J6rCPgsXz28Bb5ek,10035020000,141614918894307,0
oasjEt8EJnpUgnqZ8aXGiJkB5HdZZZFfBwnxGEp8TNrvoax,0,83977362656497,34230000
sNxfAhgrDYbG6aS3MdCf2xH5PuVavPnmVqTa1td4foprm4y,43657061874,0,0
oJWxPGiLrDYkGPFTevPDhc2Apcdax7D9HatSMSus69u1T1Y,432576190000,0,0
qvetcCFqMBwguXhogHtutVfP6zchu61njDzRNxAuaHDbMfo,0,142656939770843,0
ozRH2nQaybn1wQrzrhZgdX4aEY9wAA4Qq76MBoivZ1JxfZY,0,0,300905260000
pBHsSJZL26jaQjkHHpSWgiB3z432XFw1rAaaqNc8TyZS6ZJ,467984110000,0,0
r1tkSCbNcfM9TgbGaGp8w2z3Rw2ZvXtX2zkMSBqfwLxKAjf,0,0,2832289607856
pB5hm854kAPxz9PTsVE99K3AnTskKXTTyGP7FcCxhF3V5JZ,0,140942954676728,0
sy1DLVW5S5FDTyrT9Af8sstqd2dTeHXFNCXAMZY95MhyL4K,44351290867,0,0
tWasrtGaSRKkQ8SCkLm53ReSBg67q2nHM9BCMQJSRRSh8iU,0,0,23563580000
rtck6P2k7NBrBGqVUyNxKivaCRzwqbR8bumqPMEVbCLpqMw,0,0,30175005270667
ry4DtagGcCiwBGaYah4vfsiaanDRHABqaz1gfP6h5kFeNjh,324050857772,0,0
tj4sKw6uGVucSfEiGwACUahPYCToi6LJr39cJNVeMvUFxbc,0,251355625606441,514967540000
u3RHxB6D4E45ZJy9S18VjMLSPctT3wFiePuFNY4LSawhmEH,0,0,47007314859808
od2eRsRUvgCSv21rUrXR7AHmKRmJSgzLedM8xoMQ4JJo2ne,154450000,0,0
tNvGek6JQaGWqjeHkAATXJVtumocvXhbGzeU15mvWysdYiJ,0,0,14830000
q362iFKZLEarpLfiPkY1guPS5RdjapQ8A8A6MZopJWxMP5r,0,110964947038653,0
s7e2xb6rdhDFF3ApgJargq77zmF9kNmWCaGCVcX51eJptb2,0,0,887363154400
svUG6WeBxMo77QFDb1BJUL16jr6LysBDFWoeqgZnWLomdTQ,103586448106,0,0
pXyCGnHpZ3EVxax7iU4oDKMDYVXyNAoKADPSJK5tnQW5iHx,0,139539384444435,0
pqynp4RJwBUGa8LRUEgCRaweQ9Dmc5C1G9VCZoE3CNhnujH,2000000000,0,20264000000
rRbeQN2AeHjKjHH81a4waucSbyKMfmGnSn5q89kqysdkmQ6,0,0,258639683754
q7MoR4rreEGKema7LwdcRPuARJkQuqyh1CwAb2h76VsWh4r,0,735101835809386,0
pVjGaD5NBgscqDAWZfq76xFLrNN99rkbPShsXRe3mgUx1ds,0,0,506989790000
rWkYY8YChaV7XRAMydZkMWD3niMBEr2dpu9hsyvTaY6cz78,0,0,73010000
rEtDCgsCK8rK4gs7Koxqnbxx4sRksSmvGGuYGWvPijsw4Db,166887152,155570188568770,0
pZmno5c36f1KeGZVGCMgNBjcuecXgCaE1sy3Cw7rZrN55jw,0,0,1000097830000
sutexQMve6vJXV715n2hhAXJ5fxwsZNj3KjPYTjBVJ4wEHP,69513292642,1010785029180002,268299470000
snZpPweiSi31YY31ixTQ2S2HDzDYE8NVaMmEviB4ErLZVP8,0,12071732050614604,12148133410000
syEJ28Ncy1s1ryxcuhTYLnSJrxvu7fQFPbNQmfeKmqQa1bA,0,109394479090607,1098928120000
t3qk883nbioLx5gVSjXnF8kvFU67KoViRqzMxQoe6rYj8x8,0,0,100548530000
tv4pRnht9UtUNoiWAmmXv2LWd2zEdUhUaGj81rqCvQ9J5AA,0,0,11504462340000
pGAmK33KJEyibDaRMLABzVjLiB4T1mtYqHbiKzpusKydc3a,0,140950488438872,0
sBpbufG5Xj6ZqPht9tTLtf1EZcmmY2EXVbMeeFPFYhJVYCz,158420000,0,0
qSARgDheESd3ANxwREFEAHdMBTyoyb7KpZNkBKVbro9rcuy,0,139692933921599,0
qDCqcmLWgBuVVTturaV6gSyoUQDrj6HxCBmsVgtuNHdiEyg,0,296807441035813,130193750000
teEjg75JGFqFeJV34AYuyEULKFQmqbutzqP7CdqGkgiKm5v,0,141647164184121,0
tExmu3yNzEC6Fwm6dukv1NstXVTBUqo7fuuMrKRRZjJm8mi,0,0,1276792110000
txAhyq4PGFFHAqhAMKYdwdvkJoRnmJDWRnnJpqsZg4V95V5,500500000000,0,0
qwVXDCFfvbU7bcv6dXgsJ1EgTbimwQdQay3DJfJxkPCobCA,0,0,21667718426201
pQPKNGAiZmux5Z8kD9QCbrdrtXWjf86MjVhjo6i8VTb7kJT,0,139085190335991,0
t4ZNwtj4AABuz9E7Y9f3M4N17WdxahYiun7nrt3ewWpRnw2,0,116066336719341,10863180000
rFHYsJzDZRip1cQfXggZ8MTSJF6URFchYgxi71PLSW9fapW,0,0,1005316960000
snD96Jg2EWZgfCPhY8XiyapvQ2eGxstjP8XWgc949DpUjT9,0,0,176960450000
tTFaf6GNGWCUNDqmYJ6hqbJWFMPqifWN634cAXfJGUF2mNC,0,0,1046795231964
qPVa3hwZphcP1jWzvxFYcjZzsDCFMBdt6eEPKPH5ZgbzfSu,0,275326241886627,797869610000
oKNddNS7mNLMBnc85rfyaqEAb58YWnGhn2rJRXZdYRuuK93,0,0,13574793650000
tboEJWzXcoAC9odCEmnSCPSbxFnct2jjxzsDsDfiwTQLggS,0,0,9486600000
rqYvETz6zVSoH4iBCsS71hfi7HTmNtjCnodwTFjo4UatT4k,0,0,44361800000
tpjaY7zCA2QA8zdkRYroqHycCpb3RSnsGPEaFQDcAGkrvgH,0,0,1108331000000
ofsoWCi2vJyXN8a3n1K6xQGNmkNJTvtGhhWaWkRVxD5vGjB,0,0,52660000
u1EXm59vHgXHv8v2Ypx1NCTJeyhCvSRtSCvq1KK69mMG29q,0,162563276683720,0
qAGryax8gMSCXFjQ5Bq6DUrqT3zud8Wo56RAKbFwFrXrxfM,147960000,0,0
pfQKGY8KMjQ1emtewSP4M6PxxGGLLx7A5n2aiKRm9pr8mU2,9901495667,468603107153638,0
oVN1UTfyvUbitwvejdb6gBtKkUQ9Tn7Ds9yZjxRDuUY5DAu,0,0,6409649060000
ooRJX5ZUVYWtosfuRZApHLEJuCEAJoZoGruQVE1mcko7jZu,0,0,984458820000
t41EZwVgBttbNkmXPchVbGBCQdp5V1oLL6dRF1G2jDrcfvz,0,0,48973910000
qPitAtyje9aJusTTf9qwUjeVkHjPDwSZQSRLBCfQmvX8MAR,0,0,22370340000
sxcn7RJhRBXwyeHgyCxm1e1MH3cbsWPeS5gJY2HAvC8Umty,22364079596,0,50000000000
qSmRgKRMBpGThoPSq9FXA3hKwwV7Cu88vpd58kDPK2Jj2My,0,0,20770620000
s52Pikeqmi4UaWfnx3s18wt3hjnjM8LKyeFyQZV5Ndxm5sy,0,0,82670000
tHU87paXtY7dMyyCt6n5hynfuqqq6JmxRxz5UvuS2XPgs3G,0,146475008571193,0
sLVvobP4gHNbEpkaERZvMXsHkzjmm41Kat1wzHeWqnQfmoJ,162338855,732585557094424,0
t6fTQFDyvwXKKXGTf1XNS116iSkL5iqZAckrzuKs4LW7hwR,0,140924340379368,0
r1w519XpTELu5xR6ebLBMXerfFxuhxG7T6unFSj3DNeiPYN,0,0,251109460000
rHtFj8LdrUpxeaFT2BsRgn58pwfVWw8GzfV3U6Fkc8Sg4pm,3096908278,94841681971783,30000000000
sWiEspBfUjDsW3c925kyu3FcPiihfinAp3xAUtieUBZunwS,57847382980,0,0
oXwXMShchKjXqL2qx1pu3ddqwNmCk6pSsjpDChHLVVz7RXW,0,140050379476775,0
qaVEgEbiMdRzVogBhG48pDqYL4M3bDSjMxogSTufrPwgNPJ,0,139747977892285,0
prLpMdEjGn4f5hmdNZNcbAxjeubETnngh1jS56AMUFKNXUF,0,0,34283990000
tP7xZKA2QwKY2oAeMxZwPxGsSq212MMVYro8x64nVa8rStF,0,0,10822326350000
sHWPcrgXa7FviVJpBCkSnjmzzosASa1EH187vmGk6TaXLuZ,0,141760626237497,0
pikXCsCjs1pGDyer1v72Wsc74LZwthhVgHs8TyTDzbQbfzq,2100800000,0,0
tc5S8jFCqaguS4wYc8d6NczyxxGHdLchjEoHUQ24Tergci1,0,139718646108239,0
qfNj5uqXKGEW5ruF64UjgvcdyN4GT2NdyjFjWPh6L5YKTgm,335051536416,0,0
tdviEd9NkzfcTaytQxyEyYoBbrv7jXApsnxeYzUFbxj1i7C,158400000,0,0
pcwwLWUga1mQ4Yk9U9QyotAJDv6aHKhkt5UaUZeyqdyEEPv,0,0,32971628300000
t9XowxnMDjPD7Ruh6QKTwHpoG4YnzRL4EA6dpKynSuCPNMG,0,139510199905944,0
oairG2VakwpSR2TH1B2jyHUwQpXpsF2ahT9edt8EM374iFD,0,148574888009997,0
oV9D5T7WqD2EuduDXWcXfUSXKSxBDN3yMK5ZYpAQtRnUqWa,0,144971550809056,0
sTtDCYFtkvXKozx5TFXBg52cgx4ugBmgiacykk9zxHefNzM,158390000,0,0
oYGzB5Vo1e3FS5RiSSGofNYSFLpcKJedNKgLyixppgck8sH,0,479956267419493,181196660000
qHohGjS6UVpFQJUgPbcDtzCSRj5SJfn2SJuTaAdyWbVhfg5,0,0,62509640000
oTPtBEAbJmswHg7UgdhjrvHYaG1pf3WjaULYJRWeT9igWdX,369227961334,0,0
rkHmioGyuzq6SRXYRgu4tRXuN3QXFy2zgDAFChuVEBDDqKP,0,0,25878217340000
pYDFsUMMxvoB5AqGfb7Epz4QzjqtSo8ssWwdTAJ2aea21xc,31037546425,0,0
q8A3BcqtD2QT3NQAgNWh9isSuNXMDvrCDHX4mZgesYFPtey,0,141614872309476,0
rcHCfwCZ4b8srefFTitvuvdjvE5v5LYEGqE9PTsQ7ERsAoo,0,0,3882670000
pPkkoK6vWaYsTevdQSwqAA9sohzvBMfsE95FHGLb3ZjdfhF,0,0,41624470000
qnwiNuS3L17jCRbUgxWJJ2dXudCDrXsfkzJPbP3JRnK6cZS,0,139942668347684,0
q7jtzYSN8qFLEM4dWfonnKJMdKxJsihE7KmXJZwjQVqtaAe,0,0,41810450000
s7NTXYvzq8YKSdnfzAUPXT7h7nJZYy65zzWXJRW5Jzbk3vo,0,142609120148062,0
qJUaLUJzib8pyuvJ87cGZupfZ6Q9KFeTHpUJEH1XcxU8BCa,5000000000,0,33357790000
r2fH4bsRCgLcUThjBHHpYoGDynCqQVpf1pkKsUrGBsgtgng,0,0,2037056410000
pKG2M1TxaWF6dGNa1tvuQcbh7ieSbcA8gCC4NNoPxsMM6Dq,0,139762615677711,0
snGXFBPFY5bR7jKpAM8M3FP3d5dk7SJjHofyFsrjSbTZiUa,4184364368,468464783831476,0
qGAD1C4aSPwdzTRvaYWk7mCtosV4vQJ2RZQShQc9y1sgvGR,158410000,0,0
rr26EV9S53mN2uqaGdhmB9c72PQ4FcrxMFWTVUTR2t5V672,0,0,103983107620000
q36f8iC6p78JAnqmNtCzvy2LHrRWnPcyGwo4K7Nvatd8jqt,0,139976790741719,0
rvVvksmrvqv43KnncnczG7gLa5asWh6pR2SEaR8SqCidgSn,0,0,16390000
sZhJSjFJpnFQSoXAKTtG9oodgJYmt3mLEuhJVUjbH8JMKXX,0,0,1062150940000
pPvqATHUqdjRTFU8JyCspzkYXC8aemxZcowJjhdhH7FvncV,5000000000,0,23174300000
s9uajKV77EftSbucbyPYMjx2ARrpvFCBRywRnCAgcmD5FgV,0,0,3324223770000
u1EgGWFYJ6dvujQ3T5KGPHNUqQNtmkeN7YwTLwkY39GwxVo,0,142672861989300,0
oVGwxCPbGdsYy8hdFZZAWxFvfY98yGV3t5AKJ11q5ommUiu,0,0,146076510000
qATyCebWSpJyR8NaNM9YVN2bGo3ufkjboaoaJiWU1sw8cYy,0,0,228164580000
qUo1kwrEoVsrPir52CFHUHSB2mEA6us3L4VhuNnvFzGiK6K,10017855189,0,0
p3JUdqZhY8a1LhCnHoKkVqaVzuQyjBZaHdx4UmAxDE2hymQ,85851924998,4302423487571757,0
ssFBBwEnfFqo4jPokabMFNuJUffiMsjJJM4yHv9X7Ro7dUW,432987033568,0,0
sLgmeb1gdLR1NBCa1q8fqJgGwfyNEwkeAUwrvpb1tMMshxH,0,0,30000000000
sxmYBGQN7ANcFfVB228opaFbvWan999YnkKWUdNvgLSaS5G,0,0,32244680000
tFBnWS7CAL6b4JfYkMdFqXND8CQHJPwzrHBDFUCQLD1g3RG,0,0,101322180000
pQEFfk1Xh9Tbi776EZ99KTcDssKQe6itdX3VLyuG8coo33C,0,0,142421490000
pm3QtYgyiRyGaaxNcEwaBScyBXD8N88vShhUM8KAR6FLv4z,0,139546647178473,0
oVecrNhb3j2pZZ5Hjg9Chdd3EEoUubFpFoGGZmHmVLBG4M6,0,0,31331160000
tEsnN7gy51hv57LMUpjpK8DVt4GQjoTL6pKMpQMHHawAePs,0,4319500507680490,0
sBpweuKwZAYTL6Mx8zuvfqfAPKcKfBv5x4nhS8fNuyRGB7e,0,1033825791502,0
qFycWFoo7gkRTx9cWVX4naBdCAWffCJ9WRWpfTMDAR7zpfF,0,0,495001040000
tBuePWYMv9DQXt2u1zURQJ1aCF8ALYPqcDABBFshTpxbUKd,0,0,12060000
u1iaVohprV3wfsGPptdsdx2WtB5kjCNacyoEGDANrrAZYsK,0,0,650877050000
s9Yo1y4Byi5ZGT87SKbicStrPFMxXYWF1UWgf1i37wrdVQp,0,517330987012672,10579709512913
pimqLTM1M1eRyEqnvGBuJe96KUKX7RzBFoXqZ7hpjhHiT9S,0,140890698023040,0
sbsFmQrAgz5QyrqZz8TbeQZa2jAbuDwxsZgUe6kqKqDDKLX,0,139641641773490,0
rC884B3pLCVZyowgVBkjzXj1VLnPkD4bJXuBE4uHHqEqcjy,0,139678298502964,0
op6h9ZeoD5dJKaQiTEhyxkgv2dvW11YMkrSuYK7cBYvFhcQ,1500495997,0,0
rWjbYzUzbKf84kcr6TjqtREQNW373nF2sfuhjREqj7utUuc,0,0,356177230000
sYxRveDyKK1Xqz2Si7ThnFiTZUqkWEyZTbrtePQeiwS1WHr,0,0,31316380000
otzGKKc1MwU7nnwwP6fjvFwCkBpaSkH3CTswgcWxES59EWT,0,25732288665615208,25000087433074
pigcHgeJfVFzU1vXcyFaRdi6ALTvD4WknFDuxenAePtad2v,0,0,22515625336964
r5UJscSoFbVoRCPWFoAQjkGVa4SH7VZeeu54GXT3ZgRgpFV,0,0,6098922460000
q7Ez3pct2MRfMUPGqGXVGzKZWyFPtdRPV3SZtcWG8wWS865,0,0,104032592220000
pSXX9fRp6GSKH5fW75nzkdp91xPSw4hPtXYBDF2dBaL26eZ,0,0,64419060000
odZ4KmTKhckbpvxBhv8qnxsYukRoAAEfuwzjuKbPHCx4zsy,0,46650395038021,0
rkbcW6pRweRvHYWQHG3RNmdoCp54mDAxhmqnubPmySUSCSx,102530141202,0,1000000000000
sehU6viXJatLTQ3hvnAupH128puPjfddTpBDQVqtVQRauVY,769179394,73486559572864,25000000000
tYdPHnQnq6E9weLVruTZzc3GamyyR8Cn4RDtZuBna6dnxxN,1000000000,0,15929430000
rhHhZ1T8rpCf2ETbFMXyVE9RKmdnrGWbBDemiR6Tgg6hApX,0,281296863867221,139638920000
sFD8xAAAd412NaQN4uyeq3CKNLn7hftiEoQrwnESyHdQGpX,0,0,90360000
qXBU3ruu9WV1aCkJYVfiTEMJ5UWqvDApz5G4efdDkxf7FVX,0,297928630203057,4998548040000
oiHkLRWpPRNqWGrMdP4xkhPvS1DUEEoMf4MCdjTi6PhHgfK,0,0,59180000
rxpVxAZcKvTGm1Jd6Sxzxw3dzHfUZiHEyt3BfAf4GRDyfrU,21037687539,0,0
ptQ9sU1Pp8KNRDaMVuxHmLY7vRZif3YNqNUqDD8uyQ3QVdV,0,140050194907483,0
qLfEa6hS5BjqJRXMAGZHtYh1Wn65VF3naLiGif1Dn1VKf2k,0,0,31104038593
rChrh3FdP98ppJeKQs5YqvYfqUmQJSwRSj6zs9YNefKkkEx,0,0,10000000
oqmb723Qnk5K7DJxMMtD1PEVzhr4iLypgAEG2LnfWvbs6ZE,0,0,1715532850000
sRiHK64VFhwMwaPJydYMAbWkqG3Y7eszsJ8rJAjz8gBnNbJ,0,0,8310000
ry5boR51HvsmPBRwxn5ZDzdnCP3ya2HZiX9TF1mR9irkB4G,0,139671033910262,0
oJHnrB5zTSB8Kkak8Ve6UuPhsAsnvQFHB5mtc8aTrrsZ17d,0,0,1094542620000
phnFnqVcgySCKPQoNhQnjEz1Q3xyLPn2c3UUsJG4VtHAWYz,0,0,3101143730000
svRrNyzYnfej4ZyaoejYBUZtDZEEoG9CnZ3peMXvN6rnjxx,0,139725900042228,0
qaUuAt4ETbvxjU39VzjJEoYMvdiDybht2pYcEgXXf3oEQN1,0,0,3267575080000
tEVoG3qcgyT1Vu9VQx2sumcnWhwNMAaYdM7E5gRXc8Ajwk1,0,0,16790000
oT2fDqNHzwgv2Bm93HBDK1aPsmTDoM8XCytexb13Pv4tUfP,0,0,52880480000
rtGoGiGfiX65i1NzjwDKznYLHjkpHwHFUSAmWp2d6hWqEUq,0,0,141010000
rnMsoDvVwUiTzqCetoofNASzq3z7yocv5dSYK3j8ySdLxbY,158390000,0,0
t7YUK3Tc89BanhvLn8zA3AUx5oBZAwttJ7gF6mednYmt2Hy,0,0,60960000
pqgKV5eL2iU2RCupVLeiSTePVQcKeq3Z9JPN5evpgCRQQ2H,0,0,121147410000
rcYGg6nyQNoGeH4CWvCKVuVKsFQTUaCtxYP1HuqZCnsusGj,0,0,199887570000
sUYVdhqPKAfPEaPbFwc614UUZkRSbx5VtX5QhSSeeh15tM8,0,468561967796823,0
sKr27VZvLsFuWnBK4CT6Axe3bVZY3MnNptuRQsnjeHCyvM6,37721995030,180060653663339,400000000000
r1vHiBmr2x7kvJHna1waSEcR2E5ma7EwJYwv22pHM6Mg9f6,158380000,0,0
s6xpuKQbFRjKkY9JMRVKcL1Ny7MkBuYGPPaWTSr4GnLRdHY,0,0,15535230000
r1h9B4N8uuVvjYLXcFdm8JnWReVcA77YPfeQVZcHUhKxXQS,32342076519,0,0
r2bStMTDVtrb8HmypNYpDxmgdi7HWYaiLzfNTXArBjCkNJJ,0,0,3616698090000
seQhqgF8vvcwi7G4KVSY9tuMNAaeCaCimJWjs5urgPCK9eN,0,139762647529231,0
ryJsy2GYU2XcTjc152fFNbi9d5xUA5cG1fRWSpHWsdJjPer,0,140939312955141,0
rZVSq3qwwisLWuj6h3i8pLpm36LxUiLdJB8n9T7BkhH3XK3,0,0,22965560000
oXxnrCnFmJkmeGp45196nKmb3TJZoEaP1raQZCuNyJvCwjV,0,0,825062080000
qPkqGbZ6rE9uXkSfvLK2K6LGBRsSHy8KFpUhXH72qeJkbhP,0,139740592397405,0
qqT33FDEu46jG7BpyVozbzjY3KDH3xWEHmi4umdAuQrP4u6,0,142736538162959,0
owenQhwncRBcKhG5Z2JYyoYFgATBoLGzKjCMXSFvmuUXgKF,0,0,49913980000
p5aSWLD4FaYXi1zWNNZz3itmesLLErEKgu1FWZMGXMotCcc,0,139654199072222,0
qaJUPSWCJBQa7nYDsSqRbKVAnftZK2poHAYyCSrB1pdgAvp,0,0,390177440000
tn9BnjLMTVWMkcHHNjR4Vy4pR2VHFQCLU6wcVKkFHkbm7d5,0,145732877144498,0
sJ1pSeZjVnJoiJpSkyiCYJPe3xeA8goShYtVGUotfJpPxVN,0,0,235099300000
qrKh9J1e65LY8Yn9uSNberU5HRJt3Ad5wkzeYtTLm9MiwgF,0,140057565626478,0
q4yXYKcxsHVGPkd8rzuKH2Ps1XtYY6fi43LocgsCi8YrZSB,359677039921,38980249327339537,3008002420000
rHTu7ikXpngiG4UcxqbsTNFwJgSZ3erBDs7UdhwsmZnYBJA,0,0,617234040000
otihMbsZwWXtVxztYC1jPszUaYweVsvoBQuTv2fL4HQLLzq,0,0,202925160000
sEkQ6WnKizPZbJHVp3iNkvkKUVKEpkoWvSvrrDrSETmZPkp,41019420000,294201189413430,900000000000
qRrg3Mg2Jjdy95Qb9o5c48Wk6xa7HBQ94bYwQKeQrBUsLqU,139400000,0,3268
rWfQUQCgqKjq3HjyugVPqyd8eVsPxVfmaAUK6ZC8bktSxBh,1693674772,0,0
papv3RgYmcmDFEmqMJcwCJSwa5GKB3sug3SFTUqrA2rqha7,0,139950073652421,0
sndahgMftA3k85mmknJYKZstbkGSVyHAnxN4aYo9RPgPeuZ,1011300959159,0,0
t1N8Hbo8F5RRdCXx2nU9jNBV53oo9BqrhmZ2wW3z7JPcoFi,0,139549652254738,0
ra9wLxoRM64a5btYGUzr2qJRpVuRznnz6d5H4FomsGcaXX7,0,0,5234890560000
t6L9J7hdgtUM2Ur432aMdHchmNzju1ybUD6DDt92RCsvAdv,0,0,26351120000
tRooErA2kCqpoATyAXtzCu3bSxLGqvC5cq5SzV9FFpuHZTs,300000000,0,10364650000
qi21xNpLc7BcaWe18TLFnrYYLw94MxcvFVhkLqz9JUMrrRw,0,0,2121422290000
p5hSb1o6oKFfz99cs4qpiGYGvFdmkpZB8tKKaiDaVYQY1So,0,0,2396079860000
odUgZrzcQwn2znfy6kviYqbtqVytoeZtk61bpvCgpT6hv8C,0,139777253549627,0
q8BY2nP3FBZZYquFmTdzWHUoLTSZgBpo8kdBc7jwjAe7c9F,0,0,2620364340000
sWSZy3U4HM99zorYJREkEBzwthDUYuprTQhkE7qymWHarMR,0,0,1011919030000
oaphjidJBTnmNqmADPZYUXummFb72iG29CEQktFrjJbUDKi,158400000,0,0
tbS7GYw5jaYVCc2uj6fC5xxUdrYrvcRxd46AGR4pcZ4qU15,0,140031861016406,0
tCihc8vZaMLbNTshi3XBP3ahtcSiEuVGaoRbCQ7k7zZJkL8,0,0,2636463510000
qfjK1de8fRHCgo7e2j2eMUnRmn3FS8bGCkYmH5wzmCAzfMN,0,142763109301535,0
tP7ni9hahFCqWMBVax3NTSamycRRDrG95ypixGYNHESZ7Hq,0,139920640174916,0
suu3eSGe3KJ5F6TDFJhnCQqNuhV5E3fVDHRF6pvL3DQubvG,0,0,30000
sUA3mX4Wi9XSB8Lv7NSVZt7i43nRJVWG1tzFXB4UWZac2Xh,60733560697,0,0
ryMe4TB3evgHYE69RRPPostJ97z6X1neBjCErWLvqNYfDfG,0,0,23476020000
sy6FpNumGFaFGadqa2dVL3rCPNvPFN3qvhTwuuq7sdKwQ7Q,0,0,136180000
rvDCSPtp7qZAaXKfcXpbRpWkfQUNdcvJkuqEjeEihtHUBAC,0,0,209256760000
tbMrCSkftKohFbiqkWPE6SMuz45CS1ZMukQfHHZ9MjAZro7,0,0,25000000000
t1rJ8Y5An3VrE6CkBbc2TgdmT3RubBh4fWPWTkBABf35Eb7,0,0,1014241570000
qUtWKQaMq37YSoDLUMRZJQbL2Knj3zCgzWDNuNcdyrfjWDW,356626125144,241000726270344,0
pr16QdPB3R1abs1Bgb5MpUsv7A8563f3s2pKgsrK4nxPnth,0,0,57301025880000
riCAriEHsr7uiQr4KuvEGwruPkFyfQMEEy8GQhTzfZyKoPA,0,152396381658810,75266660000
qf5SjMDP63nLnvpLuRXd3JzEeFfQEUfTmcNQxSWb9QNsJkT,1408220498,140497689960323,0
qvo4ReTPTdZZFFRYHp2k4TLHSAAbMur1LYUKokHjBXUhvZv,0,0,63810540000
sHsvXakkwz2u7fP7zdvz5J6UDZdLHsP8uJ5N26V26J9oQW1,0,0,62323530000
r5JhvyZUjctbQhyTcmy1Fjpjns3tCjWAAQcgapQrDrqx6Qh,47678295374,0,0
rh2Ho8HhtsHb6GHMhkLTMGsijXqov6Bkapq5DHgUu2pULXQ,0,0,54292183161
pz5gGLokmNcKRU6A9GWiKTcavrCiUcKPUSTDCtBQcKHjn1V,0,139601428265303,0
s2ZAxpQqxv3at6DujPa5DPQJKqzAKGLMc7HgenjXy3AfmJb,45383809891,0,0
q7zst3JGu18FFYpRmzCmA54qieLZWiTtm586YerYbo3P4it,0,0,211630000
sLBJkwYqVoyk7yiryhUEHcaNAQBD5n5uTndF3BJ7ZHqLjP9,0,0,4099342190000
rHpEf84k4Hrjo9vzRjSJzuULsSVYF8ZSKQ7ZBEqnrtVS1UY,0,0,555820000
tnCAUb2z2YBm9GS7vx2J6E458GprYcmip4C8Ytn8bRgbutx,0,0,42227290000
rFd17LhdunktCMLUZuUkBeD17UkXEDZ7wzPD8mepCG7LqMR,158400000,0,0
qM1Z1NqjF3MpeLo2SkGQNwFmAr3VJiD2eaPjrPjPZHXA7NW,186210000,0,0
qyXvsKMADyVFC895S3oZfMj1AL8uZwXj3Dc4RsFUyCrXkuM,0,0,258656180000
tR75MAzFNjYXyJgGnDFf8kc5Y5rwQv95QwNqF21HFT4Gymh,0,0,100007110000
s9wKMLeKutbmDjP48mFSGAkqXsqCzD3EPYMuSHLaMcpuvmy,0,0,190183890000
raBDMHvbFVpb6UeARoEeDmfM4hJqtruu75YrpK22gEtMwiw,0,0,31034620000
s7kkC6gamZEZyzy6qvb8ZXUjzo1XPas2iurCFv8F9XFBeMa,1008069407065,0,0
qyiocTsebqFMW3eSFfwcExXNEYtNztE8nCL6G2GQ3vguq59,0,0,1149751680000
tgZNku66o2UcfmaduTWhdbt84SKs3VztFy4jJdVVxC6U1v8,0,171156054785085,60170150000
rfUamqSGGNubN5LH12nPTTV5bxDLXhRQxBWCDG9AnhFT39k,0,0,11804690000
qt1qDvWkd1uNVnFJ2ppQePfSmgz7ikTRhy7djVXv3mrKugK,0,142715774189523,0
qD89KqLomADzkh7S9zxxXzWybNDRuPzjUTsH2v3pCtz7JD8,0,0,30000000000
tU2wPRu1n5q7LivznxmFkMrA1ePnDta1paAmJDuygNKxy9v,0,0,34386060000
pmUEvG2d32di4SCajt55pcSYfe86ASoRXcBj4gqZXQKHE31,0,0,121940000
pD6Z6gp9H4M8YfpUvUVK2xBnFFmQ42wnS8Tx6AiMYX5PFKZ,0,0,30000000000
st2KSBHe4LohDkaEb79vPWxWUAX6dZ62ocnTBhDbXWEm5q5,0,0,829966780000
snqUeGGD2253pcRYgYtLPrbTiduBpRr7GMoChXcxe51kMbS,0,5525253728479182,3823357745160
oiGAA5VNPz7phqx9tnDuWq72qKDbJ47MrND8EEM3NpnN1A6,0,0,2251880420837
qz8HeBekqjVY1gKRjDRA3YURYyE9CovA4as7iBPHh5xSpFb,40217429207,0,0
phxZkMSBVDpNXp1KtYVAkgLeUNFTpAurNeBVBP4rEjz51cD,0,127563428658473,0
t9jtroGFuq9Zgpm54ATBgREER4t9svAPCaya874EZkZKkp3,0,0,799116000000
sS3iJBXUAokcynsG9ZE1rP6YZsubtZDHxWtnXnZUW3zCJPS,0,0,10199875750000
paxY5o6gydPYRBKs5yDimZLb7Nu6rA7HefLsjGrCeEBDRvW,0,0,3011449080000
qwLfZiire581rDQVMaJBedfjZSkZJHtt3aa9gsYWVgmP3N4,0,73345846600605,25548910000
ox3TG918Erp9E5sm2hobcMQmesSttSfG9cgmyYG86kKCFHe,0,0,615356340000
sxkBAt6jZQudWYk3djobYXLXqZMcA1THPzv8mvEdckhprA6,0,0,610969660000
sZpFWrrqFUUKT2Z4iA8AKuUBxitPeco6BjrJNJYTgpZGtps,0,0,190183960000
pieeH9rejthmJQcypF2DKSHSFaxspTKPY25QkCNnZssG1tH,0,0,204900560000
rtF9Tbk8zrwaAzwW9RUszGosQRWutsLhpzgSXNLACKAZG8Y,0,0,549441970000
odiayVMDn9qKLezFoMpTVjxj9VWBZELqvF5UGQ6KM8L8ups,0,0,49912450000
qhc6fWbVFg5Aug12DY75Vzjoqj3moMn8mXc1hzpEaUdAC9Y,0,139939031351835,0
sAMz9XgvWKRPAESCkU2usNPkgnsWHbyVbCZgWZFya5SqCCY,0,139063244490033,0
qmmNufxeWaAVLMER2va1v4w2HbuU683c5gGtuxQG4fKTZSb,6906926639,2037117277603,0
qmmNufxeWaAUznVqMTstJ4ZBTt2qUPZD1hnS8yhcssiewPk,0,324442592639822944,0
rvB6A6fxT4isztSHa1oqm2x5XFikbXmf7TLiYgYuSaVASe5,0,0,196222510000
pSNnT7VtWMuGo7wTb6hKiCsbqVQUgaVCUudDQSA4FKJ8MpN,0,0,28563046310568
ow5iEKL1k7RYcVFMESoEbPtfk9EWmrY1i97GmR3cim2spHm,0,97971864449314,0
pPfzJGG98FNAZ1SBnSEKjcnFXjGZv3sGGyvdks8wo3xZCtR,0,0,159240201330000
rvPsXEME1WtU7q2GfEcyxNd2wCQLbCzfuDRFAXwsvVzcgvA,0,0,88680000
pB9HnGwzZNLwRimDhdJsh5XhddC8b2ccMgt2df1kbXqjCL3,0,0,10000
sjQ43sz1jSF6Wnpu7yN4PDf6mM3ThwtopkBhWJxKJtM91mL,0,0,100000000
otwr699WMQ22GF7XnxA1Nk7yrJiGDr2nwrDYkyHqigekSNX,0,0,1004695610000
qtyhFMKhjkbcsoAsDV7fB99df3qadMB2r8221Hqjm7LhzkW,0,141679506408222,0
ssUbh9FQChWsfwfD3xakRYYhV3bUcbvQ2dRfy34n3BUh1kb,0,0,1571895450000
tTQujbczpAbvfXtXXL8CEV2mEJcBfVP1oWZamr35rfuQ4qK,500000000,0,47358990000
s7meXKsAWX7g1KUmFiqy6NXeJon45tsifW1ZSiHPiLhVBpy,0,0,21681620000
qCfjppxHUuWeLiAEeTiworkgaAP3bvjiJFQswtoCrRr6gCX,0,0,20082230000
so1jMpq6vk9wKGtTShLkFtZejx7ZEMkRmYAR6J5fBwaPeXf,0,0,2332680656590000
q25YZ54M9ScUYcL85V2Svz6dj1HwEH9qP3wU9qhBJdaPcJZ,0,0,96712072372427
sCfp7HcGiK4UGFSYZfSqruT9CvPZ5knePfEmoB49BKrwi8r,493145443,147114009000859,25000000000
raA6knE6Gw2D8DZ5viCcdX4Km6NKvZUNTAW3jYMfLRr7DFw,246674746992,162212299485944058,500000000000
tsWwWQCFdghzyLHHmQi2ucK95RorMwaM1VyCgxTumwZ3jYt,0,0,100000000
suvpwr89b95Lh6ENGxN4EYQoM5eV9WiKJXrxqg87D2ddR2W,0,0,25000000000
qQ7abmpqtAXrJxwpK1HkxtWPFrELMw9vyxJb11qGaidXXKQ,0,0,207437170000
oixSxEUigWWEzU9tLZdYqT4f21MkHFW7H91vWNshaeGaaWk,0,0,2837380000
rw7zXba98WBRNhStCDfCADmV5QgwsZhHZh6uJME6YxfzzK5,0,140954212681746,0
oyvVerK4Ei6qC3NH9U21VGBaDUPfppy8VVSVBzo8EduzT3R,0,0,189406170000
syDgMsWLK8SH9jggjCogK3QaNyovEg2dEA3A5Zwp4cvTxTF,3641727748,474570989724673,0
u4TYANkCpDYkSqZumMD68HxSisdKPHe1Q7xLEmEfjrSej4y,335923328,0,0
pg7UYMFEW8BpD5gzG4XjTS7VhutPAK9NZov2LDK9U3DXWME,0,140020778215613,0
rvffB3YZ2DVTNp83TVJtj9ufRETQtnKDtgYopDWMgsHYSwR,1339840000,314460935332373,265734930000
rhhjcroRminE7a6DCKkSZ9JuDbar6RuwwjJyPEaGsC33jWe,0,541706357187494,0
s4AbeKnvxqX1KuVz11oD36Pn5JKeD86JWvzkRQgDXGcHKga,0,0,203672580000
pzBXYitCGk81GdCRqCDKSbG9jikoVttsRfD1eFfBnDuPXx1,5884255382,68040326719316,60000000000
qUNUdBYoqbRmeDXEoXrjMr3MYtdTD5bo4bUpju4FeHnm3Vo,0,136631422132339,0
rA3ogQJJwoJhncYaq4SyFUcW2cjdADbTbPEw2uWXGLC7paV,0,0,194240000
rLcYn2sABwJ8KberZHAtseqo1THfi3S9Tk8FgXpwkgVqBJg,0,0,208461080000
tnScb7TRSWeuvkU7Aur6RN47kFa7VvXnsd3ZBgwfN38UdEj,2256795948,146854338782290,0
sqbAYUzCEzmZDnoQAAbGzjSxJmKgbcm3isootDYJdoGL83j,10066418486,56698016869646,50000000000
poaw9dMGBhwY2xPZ35Yakz8SUo7pp496JdZUdaVYGPywrR9,0,1880726007524061,462011910000
tgoQRn9WjnGqSyKoMV7Ht234NwMTMej8KYJT2trzPPuLs9U,21498783167,0,0
qhKQAMAzzc1VTYiKxwqm75Js845EjWPaezWU2qS62VFyuZ5,511351356,0,1090160420000
oVxNUuUFenhkTDr5v19qaMd4xzjkdjG6Mmgrt2XWvGGuXZU,48702607184,0,0
r2L7ccyBSn4iY58thdUMqKpVNLfqpwD1TAGKZX8aeLUNqZH,158390000,0,0
qFTmrqdx3DvBfjPECBjdCR1qahWEchBj4YGfTmvV52MJ2dg,0,136726857623355,0
tvYdBs2TRxn5QJr9tharS2NP73vf7ivkDzx2eF4agTyALgM,0,1028854147151568,0
smu2qAbYcY1eoASF3pxDQKaZPwdbokAxnHcMVoBUjZMXYsh,0,301231970933436,292098640000
qAqxs4vpjQjnVB8Y9aYhM9BtoDysH4puJijjUopPzXxFneG,0,139755330457559,0
rycMPo28Bv6E4wDzNMFjdihzyfypFHit2JCBfGcidAt2BEg,7915140837,56698016869645,50000000000
tgzBcU8jQSypo8pz3bHy9EPxLGTrjJxSzEnTjkvjkuQRQAj,0,0,174453630000
tnieWdvzUGJnJbSfD1nPJJFKywAtAC6EddhVMYmS24bzC7W,0,0,755016370000
sUNTkFU4kzWVY2uHVyhys5EbnDfDNuuXypXCnszPj8vgsgc,6244252815,46855796353228532,8682540000
sU8ua92jEkqPFbwrvPRTqjpxsGsZqx1bg88giBAsP2mdeBp,0,0,40150260000
oVYnGHveU9J5pwhTa7zVXf7zEktSKEGP8FfNzYXrXCXhakD,0,0,1276143800000
rPEwNPLXPwxw5kZ77xmU769Dd1T65w29NEX1QrfTwCsy5dD,5000000000,0,32251560000
pT4uBdQqXD1Lcf4iQ61c59tFp4mXVTe1R82mTsbw25s6gn1,42919957896,0,0
rw1cQMSCT7G9MVbhAgssk7Cf2wMCXjNXGyZiuRM6nXY2GoE,147960000,0,0
rCdc7Yxe9hbSLEBtn2r5TgBfCgNuoJJsHM2j2s4oVowagDi,0,0,294567960000
tv4f9mb5UDi3Qeoc4uLmQS6yoNE15dWma1enR3cNrv21h1Q,0,208259383971549,118855290000
rkgKEZM4KipBdUCUtXSH11iDTYtSr57V2grRn7GJ6BjpPRd,0,0,80762048880000
rU457SawYuz4UXHtWMs2Xip76Fz4pXeWGaEppdPwvbN73bu,0,191568085365833,115277930000
tWRFherFbE6hs3tvzmx6xYRc1tsrQu6MNRTyKFohSqTTAbM,0,0,44812090000
tN4ZcSygXFD6nB4cKDL8LUGaiJ321YgaWdudPtFtN6eB5CN,0,0,100000000
qo2gY3tUnfzj4jYFbwrkU6XT2nbsWU2SCcAv4GRCj7SfX8K,0,140875778586801,0
pi7uRHu1GLTFQygf2GCHz8ysPoHYMBTpDz4r4EnQQTxzjAF,35072188017,0,0
oVdcVpDVjVrGM3SUtacWVqHHKpmBP5cQUqmT7BPnpavv9Do,0,140054068392802,0
pA8tKLVLeH6HsaXqVNWEnusya2W1hvqknWEUFaSNtkhAWS5,0,0,15437350000
sTjBQrUsFAiH1DvBe6tKXdatWkCszqtbqsQaPJiUNTztz2X,0,139876470542000,0
pqkXBdJusBkpdTCMSTTyEuxR5vnofVziCrGKpu6fBvJ7dsg,44202796284,0,0
poQXPp9xUYMTPsUk1S2uDnhpFmnDF3e4aS7GviFsHeF5tAt,0,46655211803082,601570000
tgWdiExitXScKp3vN1q1rtmNgCMMaLb5t2RbYuGseqErY6c,0,0,43700000
pJdn5gFLSQkydGiAL1tpepmMM2WRMiowCH1YwtZnAAUS3Ke,0,0,3431528030000
tCg3Cv9tDExrVktrMEuRsn2vGtqB3D4NisVHrYSg6LxHxJx,0,148670838379809,64300000000
qFZUtHdbBeUfGZdNvq6RRfy17NueJ8hkEj5vdSojSH2AcSf,110000000000,0,0
pyxsBYbSpdwD3xcFmZcQbuvPVtaQASz6dvq7Pdk5TRHRgpJ,0,0,18900000
pnzm69YDfTrWKud9naUNxqRWFmaVNxwUrS7nciY1VFfgkCk,0,0,1197097510000
sZ1rt8g4hQGgDmTmyAb9p3rnqRpuXcKsY1spmLSLaR3LtY3,0,0,100810878416
qwTUVNPsXWxzyUdDhiTuHNqiMh6juVkGZXfmyu3Fvp1U5Du,33442353205,0,20000000000
qkjhJ1iCK3rAgMmVVU2jkZ9eDjdMxo1KkayVnThMQzMiK4U,43618849140,0,0
qSALzfMtWtnxMNVuyha5DUnNJxMr5iRRsi2Fim3AsCmBFU1,0,0,20028040000
q28Yy9PDm6dQe8crANJXT56Y3BHukKSrvP3jRGbieQSp89u,0,0,10966890000
qc2GqGfKTjRUZA8ovzW1Qwx7NqSk9nPUVijhuMEn3DecaCL,0,0,100000000
ri76okHD33qfpRBwic21qGw54UrRmo5ro85DnuegVMCunRW,0,0,41960000
orNzSPPrhVhcHzkG2HGBKHpkwT6QJnt932VsXkwRdcaJnfx,0,8262633169681195,1053752420000
s2W7UMxYDFUnw6dhMrA1PK2FxhbdbqxzdRcimdmRT4c2CAQ,0,140883245590548,0
sEZxwtWhTZngVuJx33rufwokUasrPi3dnJQJfbjVY2pp2xJ,0,0,26812320000
qhnuHLnVMD3ZfeEV5X3aLqEPvRrjnTLmm5Aj5tUG8UMc132,0,111941960550421,0
tcQD6czJsGNqgS8AKrNZXCyEmcqBnZZyE6XwogQW7L9Zq1i,0,0,62385470000
s9gXwqUrxAe6u15SYSMSzxPNF2Er48NiRKmZBDFD5uradGX,0,0,31089460000
qfLTixLFNMYrFgo9mbkboi47dMFgyBKfhQRmjS2UUzL4Ybo,0,0,67588030000
qSCcReTiyo7vnMc65fwamy6HyGyD6aNkEYYrhmEWskv7m1F,0,0,76281720000
oXyvDNhr36eYTwWahv9Tv3g4XTjthSKh9RVjovuWrKx7gXe,0,0,62696590000
sf7hp97ggpeqUw84zYGNhNUnnb3954Mvey5wJcWXgB9VZ3z,0,0,2477435240000
sc9YuJFebWGpjSPGhrNZrC6A5Qx7AaqadyhDCA9bbz2vKid,60641342191,0,0
pLsA927s8Z48FDgyDcqQ86sPujjQkFPmVyzUFzPq1XutVgs,0,16333986237867,5000000000
pzNvu1CHNiebe5ba6o5A8vpJhFzim1FMuqEeNpWnG4eLzta,0,26264822903175,1154690000
sezbsaJSUFQmoUHuzMrLt559a9rQxQVKZVbP5zPc22BFgDY,0,0,31077040000
q9q3qMtYFoi6dzWEEMEnKjRA7cy7WUVzTKsb22c6rERFn4M,186200000,0,0
r4s2BkoMc7MZqNivgZsaTeNyRSzRXrUv3yAQ2MHDZFwxBj1,0,1758535066503058,0
p5kdv5LrE2Kg6WMheyUiECvdLrUQivUmvmJRbBsJySMYRqf,0,139806616038454,0
tmg4HXx2GScYbZSMQPK1iXXFksrQCNZXnYVfh89MptnjjaE,33087390237,0,0
p4wuqhA22uqAhbEuA8AEGQm6YjDoin7Bwr7TwXC2tBZDCMJ,0,450471435740721,100000000000
pzLkkAf2zRYCzkG6D9WjN4Nw386ChwNUCziDrTUHsT1DtmR,2000000000,0,82441160000
u1GAVScJYrp6RZHtpTmxU2YXQBFKqXdi7QisfiGRKrKMr9U,0,15605883068491,1108406444596
pfn9VjufkyZXqxza4HEUnMDd4o81GaAmquCNGjmS3MkxMuL,0,0,302954350000
r1irT5sgByANtUNMgMY7euSaNgNPL6QgBbQBBB8h5279fje,0,0,1711880000
pf7wWmFWnLSavsPSx1xKKFC6ognB4AKCEEQgzhcTwBrNBP6,0,0,1894115320000
tt3FMqn1zAqwpWWnnPb9Pdn42BrbDceLD6qNrkazoM5pfT8,0,0,21624902050930
pJVvg6FHtUHEUttvBm3pRiWLXYyPUUyMgo5c9hTindDWVF8,0,0,26402370000
svA42gchaAugZ4e9p3kdfzz5MLJgdDQcnkREraNRXdBnkhX,0,139678298502965,0
qi3QzPNS9GEmrjVb4XhLACWrrTJmNXWcXoWJDCP6F57LS22,0,0,1146566990000
tRaBR3WCNdKgLuDY9K5mBhg6dy8o3T48TaY6ySnJxYgtuwy,100000000000,0,1009490200000
tbCjvug9h52d8sewbURWv1dAPiVunhQurzvxCKqhup3o7jh,0,0,93921090000
qu4DiPPj9WUxFFHt6XZsxFbpiZZxbxE5AESEKTmxyZAQ2Up,136290000,146031644701876,0
tVu96vG2UqyYRZLysHbREmPNixmkYedooXNtgaDJ9W2nJH4,0,0,97697090000
rcNYo28L5n2FMZCQrkpKojgNC25mGnd7NJfpBeKW4S6hNWY,0,0,149115800000
oiMrN5qiAVd5uNA5U3Q2JvLurJSmjj24bGkfwqAkan79c9v,0,141518201607183,0
owLoChALTQEekuHqF8qbYkH6QYyS3D1saxEp9GzDxKtSVBa,100000000000,0,0
tsP2t72wSWe3F1q1TyCr9CK4pwPDWTLquMn2FVSYhQErgW8,0,0,108110000
pB7YuxiSj713WgyCBQBp8DvKYCMCRkwJb7DKCpVh6q3pynF,43595035845,0,0
sNsrSWocoMLMWSSqv7P2zXDQc7r4UBNnxf54Diy27sPkiEC,62228070000,0,0
tKQEMmX8uRfQsztdPRhaQaLbTFvaLgsPK2qXPLuS8Tqaf6z,0,255094045588831,974331830000
tKiNjQWN2ETnTmMBXnpx1o7pNL8EGS4tKoR42HC4NJVCHoe,0,0,100000000
rRiKJZdzE23wLjdzCRL4JbUijgKkzwnsx7wxjAkNt45rgoY,158390000,0,0
teXQGaWqcbMWwwRpRLeMJ5Qr9pYw6vCLvzcYUPuCGuqkS6j,41907055911,0,0
pdH6XwQBkgPS1v3GQLCWSq8EXbAZGistHiKUmpgHWWEVEjN,0,139564922951373,0
pviyruXC1417UwQKsAkmmXB8zGd4YtWrWaTxy5kQq6E3TPW,0,140046690017082,0
oViTs37WY8PaxSF7jgrYdEKPZvrYjpeSpcdTJW6xTJvfBe4,0,0,666948920000
tCkZesCYYR812oDFsNbUYxGeK5vK8oc4wTDn3y32qhyxwjJ,0,0,322039850000
rk7BV2F1r9Wd4FStfG3eXvcLwJeRXjLod7iamy7o5Ngv1Qk,0,137020621146226,0
q7eTxRgvFKo76QQRtsPXmTx5aD1mf2fU5y4NvUvVitfuKjc,0,119925414227312,0
t27Gc27NMNbZNyMQ9wN3nFgrxGQgKM5DjuoC75xrdpQNMKu,92876645715,0,0
pvo8M7vYvYJQ7ymFxPThDMf7XLfZxRyyeCeF5DWNBgGZ8CX,0,0,149985217700000
rUjeaDdTH6EYih7ntMj7y7DatFwYakSL6vjtG7FEWC1ck9G,0,0,280991750000
qVQhwMZKxtmtbTfV78era4QZvxRLgHiMGT5UAGGk5XpVDgF,0,147132087861710,51120230000
rkKXUYNGzJFpjXGjhVEezv8Yw5jeGrwh7g7ZDM6rzgvC59u,0,0,18064760000
p5nCzE1r2bW73S86B1jjupM99QGvJt1W9Ynhox2xy71bfcK,10476376824,57326915851134,90125010000
owxjrTwDKbrf1geWGpbJnq7pifa8urDBtJSR5mta8kZeUgA,0,0,47476450000
s2VhdEM7eBu7nej1c9E4YVRYQWEsj1iFQ1NcRtWmf4DafvE,0,0,111233500000
rksJrJ9Ys9TzC9H2w9VheS9Svm7uuDXBpHxMhSjP2vCwDj3,0,139553562598103,0
pyz2fvETWAo9NuXFS79xtoAPRouQS7JKzfGC56y1vgVgiV7,51297176969,0,0
pohoRrG6ZS2KTGqzjPkUWeAKD95r8gWrUssZ9cy7hN7uK8d,0,139927984738814,0
t74ACpprNcxhHrNe9WTSWBf3BTwdGNpJKiADbJKseUBAA4T,0,0,249895540000
rfThTVEPY3kVqNPox8cBJagAnXpGBTEgX8aQAnj6GDX2LM1,772022018,73482477769929,25000000000
shgQys7QmNhNd38sq9e8vL1cwBt2G652Pn6SaNsQEMGhu4U,0,0,894662794689
p3K4Ns8pjUs921Yh2EHTRAeYEFc8cV8ZfFKhaEvLTjJx7hR,0,0,3113890000
qWznvTG5YsCamotsHZJexf1zXeknwqNaf9DF3H21DYEfZuu,0,142731753168794,0
sqonped4FTT4ZUyZjMTRqUjWaBczrzaHBjcX3MZtE2RQs7H,0,139946371228425,0
teyhnPczgjzWiocYdkXyu2T1qQjqYpdMkcjqW4ioYQJ5HHR,0,145692569548698,0
t7WahdiE558hjDT2uTzdw8DdEK79oQ3U1zchTZXEh4hXZFx,0,0,2008397780000
t18NgEByDA7JbLurN76nsQ42Qjvo8P5BoWJazSRedkwu6g1,0,0,30902866854601
tRdMx13GEbkXenVqwM86XgXSWsqQjqEz72cMNgvqqEkTFXm,0,0,157764230000
p325eRBoAX8ZakoG78TM4W42pUGNbKFo4M3Fu1WrpFK9QcT,0,138806278604574,0
qVHNuY4cvPyiPz5B7R1srKDm46MiExLwyRAbK9c8SrxNqtu,0,0,3925915790000
qAMsitzQFAvyzXFkiSU3P6vaZX4xo1jdViGYaGzL16P8hXq,0,139725954518832,0
t1Df9FwHFY7VPKS2AXnmMgtB5D5DDFgNNGJ2BwgsuHUejDf,0,140064936438438,0
tPH89Y32jJrGFbB5LwQ2FDKjD26As3W51oRFcRDywAyTM15,43015745277,0,0
sgudG3eZmKxztX35ieS7keUzygWVJydYXwv9m5SazhdSJ6m,37448865515,279165271998101,0
ozYEoRDX2M4UjcffaFTCpYvypn1iYTRnANNirLjSP9d7st4,0,139663711744709,0
rHMTb7yokYRkzvuA78quVqW5XMz23x85XYMrMru33fTpAVZ,0,172556969783791,0
qkmNNSSpH1tcAQ6FNYPRJTpmC6UScXM7b1ss1aH57pAHkWp,0,139970691940556,0
sNt38FNpZyEr2wLoc9CWvw62kAK1h6LdfMPLRRUSfQxpixL,139402978,0,4297
tWY5jgdboYpB7r2UzaMoHcPiNCphkdCNed9fabFj1wnq4Sp,0,0,110024570000
piU2VgNGQCJo8U7zrFDyKdLNqaJhoTNtzEHux3VVGoHyTeY,0,139769934563770,0
oRqQkqbTpCqGguPPkCccpumxxG6vT41g9ganWdtmDSoZLwL,0,138427014673089,0
r88NGyPyR8PvMi27ygQDd7cNzng4NXsEr5miR6qqYfiL2Uj,0,139689364260593,0
oftYW4C6a1AQ3TXjrk92QF9sF27Cb6WQbULGxKTCnyUic1r,0,139543072967582,0
t3fUrDxLckyi2Q4nuJ9GUZ2Ekg5aypA8fTFQcDTKxGg5AXN,0,0,1008917420000
pu1yxVcGEHpEjaRdXryGybiiuTQDAMvvM1CHNYsw1SH8ZRD,0,227640703432762,30000000000
oMVACTVb9iKfQPrsKWVxzfgCuu8vKMwF2wp49fxwLJCoq8w,0,136836726101676,1818038980000
pB8jEedig14BbWKnWcDxkRTvSknZBWP9wK9XVMRmWiWaWmp,0,0,558051210000
oY4PPwAwPVoQyXvUdvvpxtXd5rBvBJT2NCJbkkp4q2LvxAU,0,1051637622905032,0
phxcKQMHwNagKUUAtqFTBYdVtNQheKLHfGWiX1oNDE4gmjM,0,0,16586150000
qSj2fbawxsebLQZ3vZ4iXiwxxQuvQzoHEVyvQ6rorE8zbja,0,0,43517730000
oXgYmbDVvqVNPK7P2TqQLE7wM5GxJ3QAPzVyZceZc4j6Sgd,158380000,0,0
s9qz8u6SQMfZ4eQEKUft3AaAatUvtT99MhxwrsBqG24c4MR,0,0,22510000
qcuQAbjnxUEqS7hX6bTtgyXbHsUNn5HNkb3Y7oyrR6o4uYS,0,0,49798030000
oK6VmHjLzXGyF6ZH4ce5BXM8YEU5BFdK6JV6KBD9Ri3pJu6,0,0,4165203400000
oJe8Yudpo4YRbuAvaLCePXBpkedLWQDiy2FjHxHWs2AoheH,62790382489,0,0
pJS2vrkhDFNogapHqanD8ioH8H8GbSZnjhwDa7nX2BTJXyv,0,0,47542780000
tTpmtkbDkb3MerxWH89vhXGkaotnbqK8mc9wmj75SAupEmE,158380000,0,0
qtG1Kjcys8voCCFetSxyrsmYgebP7z2sKxbPwzAt28N2e2H,154430000,0,0
sCNBGfAHwmbe2F93U7dJj8wmVa6d9hqM64qpm8rQ83WS4Uf,0,139553976617070,0
pkKhskMxVzaSrwYyaDgXSVeum55vkAAx7ZbE4d6GgLtbQmg,186200000,0,0
pcULFZm1RrBbp2LM1QciTXfNjNWcmFoXjJcCWQ291EjhKWi,158410000,0,0
rAQNHzd71MobswFakLq6t4f86tMwLPhonj8r1wn7TVp5TB1,0,139594100553604,0
tWrnNZQbvMfjjK8hjosBNg2ArXkxQEoAxyoMfFu1WcqgGCF,0,139107136181949,0
rCjaxVMDvZJ9JnMYrcouXTtF4b5P5qb6BmvKNqUX5NeuChb,0,0,3650569710000
p5voAPsubXCxfjjyEXbhy86XqQBDcMio7bNw2ondkSNmFCM,0,0,2768570000
tiyUNk3GhLAuDxiJibikwpNymSy1kTWaZizUChCqrbe5x4n,0,136635175437774,0
phcDeB9n1ENbXFDpDgsVtWfwsAi8TwcBJ8ghgC4sEAARjPb,0,139059015111366,0
rqGknnwThgzyBzuEJ7Cq92m2hnPCEjELj1sqAUAsPmDW2Tn,0,0,1997589150000
pVQPukLJBAmo59g3wngQMDGMoUZFSGxYRR1YngHxpPapsmK,0,0,3122933372039
rAbniZRCcttT6yBdsTxLscxztnkX493fgrtoNgKVP5gDuYJ,110531549,0,0
s7XXZTBwnjiozcTvwyecqSKs2ieTKa2D5STZqdpX3gGww3W,0,0,354130660000
tewSCXBNytYNDJaquRPmzVEfPWcPxisDWGMTo6j2ZsmfPRy,0,0,243992850000
qnyrSjtvg3K5FnyS8WwkUeF6BPJJu3DgGy6Xmf4yHNQ1YyW,0,0,211093710000
omf3zeFrASXJZLdFKKZKLdfXE4NmxNyRb4gYKRUyYeCcdA3,0,0,123621230000
p3QDbfxFQLztm5UVw33xppxY6JgHiBnn1xA3nhPQV7pEcL8,0,0,37749100000
pLnRmn1kLjriaxjd58g5om2tt7mjMoDKaPNzeJeeXRXbbox,0,0,20000000
sQxUDE2CgxXvDGi2sJg2H9sKu46UhJTpYbm2tcvNdwM8u7j,138522474419,0,0
sBot2tnU35qw1DpgWvyJjxiZKhzCKF2HyEQAtDsaSepAdbt,3000000000,0,31855170000
rJEoakH3osDJsoDskpCWydnyWu2ajFXQAZPGxzicg25LMUZ,2831508620,456238137458284,0
sC2NG4kP3RF9dA9bnK7KYUwZcv8kmKa3qsLpwu1mRRwk8U5,0,0,109240000
ri1chdtpsZZMwTncXME7XnZfTDtGtL8QbtdxYuEsYMmvjXe,0,0,31869950000
tgTUM2La7uYwGeEu3JsfJ8dxNSKhzMGQ31AKHLQ1utSAL9K,0,156986498763828,0
tnNQ6KFyuAJuFuZp6n2JWgVYmQBZpERBiGseK6M22EucAu2,11184269230,0,0
tgad3uqEVWMDQ7V7XtF6EUQhYYUi6Q6XHwnejH9DA7WvzWY,0,0,22137430270000
tZA3QC1oomogTcnraF53r1uBRsbyBFK6kPFLswzbLhWK61c,0,73292630419047,25000000000
sCm6GeHfEfgeSyWyL2HHVjtcbNreA4pnMhvhqte1nrrBBxJ,0,140039243238851,0
rHotLryKx8nceEZeHUDXMSeUEAsUGBB2fgmebCrGh9ZbFN2,0,0,120451140000
p2X4ezFHXfnDn5zs967xiREEkrqxNcAabtkenSwproRZ1ed,0,142625068900815,0
qM6AZe7LErKSVEzBZScshZFWTA2sJzCZVzmGzLivs7TUjQZ,0,0,111140590000
qiB6abkv1rSYAMBu1KARgC6Y6WHgzaNwLv8SD8qunTN4eUB,0,0,42828440000
tWBuY87caUrd87kMG95f9YbBVVvbo3cATBLX3py6ffkAXjr,0,248142584311379,1507451700000
p2FbrRo8erRTE8UXaX2mXMnu3jcy8pu55gWFg62AcuSwk2z,0,139568502278375,0
tHqNPbNnYudcCdu4FJS1PytM8z94zuawXhvoGeZXEJfZwTE,0,140068819818767,0
qFwpk61AvLc872Kn8mgDQAaPhMHSBQtMJits5EGDjxEU7db,646508361,135396801805516,0
pp66SS5XocsoyxNfEzPqbV1C8dGnV9wsboCTUHKNdvmGfdY,0,0,2077836160000
oK728s6oPdyeLVLPiez5qZGyQmVf1uDXcEhvonMoya2r6X8,0,0,77580000
ooFCvF6YhyP1C1bqN9cLhk5s3yT2JModpzW51WpT1JBNjTs,300000000,0,47848370000
sRXG3rJDv8kZRmwwK8TcdUULMdw2GKFJndAV63noWjR5NbE,158400000,0,0
q2FLGRFtVFvxaYUnwTuBZm7xezH3LrYQHtwoQbDgchaB9n2,0,139583233531716,0
qokKd2JENgVfT8yEACuEbchUgtbTHPuoJYyF7yacw3RujD2,0,333041240180465,965118500000
qdHaHHC2MKkxxUzaNnQB1ydR6cnQNxCtXiMJTaJHrBufCT8,105323554162,0,0
t1SxXHjRrdDXdbYU6yw8zgLuhG8o828zhJz2JUwA6d9ePrs,42730445001,0,0
sfAaFcPyRR4aK2PyZvfBv6KX76AAfDtWNxeH2py5qzKscEM,0,0,27763580000
pCtcr6gtc4sNVQGhWTiFZ3CfTuMpAy6hcv9JMBBW8hQHLJ1,0,0,26191291560000
qyVUHGYmvPWcBKhBjkDuXrf11n1rSHSr8b2CFm7VdfKbU9s,0,0,1000000
owX4g9Wcvq8JDhYrDvxhbcH2SvVyN7CZgfy8Vf3BoXYA6Yi,0,123693123392097,0
oVxRKx6ithw1bFh2sqcFMzytHmcyHThjn5pq9zRXJVvsCor,0,1488733623943427,50000000000
pAoPomTch4snzHUVsvXGPgjXUTZ4qLqWo53ox3dK6AxUV2D,203249766524,0,0
odQ7DBnHUdu1nkbPuR9evCTbVCYSajYqjfirSSHZUMUpSEB,0,0,28709860000
rUWC49VnuunHPAYgqVdCRpiR9A6P1qUfwkPrsbDtyt1bNke,0,0,1195282300000
qPGuej2gNxX9bTqkH1hnf4RubbcW5WiAv8Qiy94JZ2z4E1x,0,73341277302597,25548800000
qnmgMh5vK6eskuAiGD93TyrCewuAL5dzNSQeJomZrLgHGjX,0,170157929805740,0
rX7cdv85F9bfMshB7QsN83L73ecjJ3pW9GPMZR9YmtGGBn2,0,0,83470410000
ofMY3AWHHBMHg9wbkk8TsMtafh5M8xQTMgNFgH5sTTA5vT4,459590000,0,0
tZ6VZ4xsRLSdkYUVdK2u2gD4DhZ9J1FyiZWWRLp2gMXbzYj,1290295871,0,0
rtMvCgybtFmKMS4nnHEpz4jcHQbmuzmpeV98P8FFXDtGLwh,0,0,192674100000
oiWZxQ8Vdrxr8LPFyrYeH5VkNznS3dDVLteZMi15ak3jsnk,0,0,6025786750000
s6gi6rC2MocZovVFNDDX5uUCxkt32rwFCisz4y6TTscvm2T,365167646357,0,0
ssmX3feRhei7MGSMGtc2FAcAqNFcqsjWDTziTbd15gMgFLX,6420012757,0,150000000000
qfv1pxxp9GDMACpVmixWuVSLUZ7pVd2PDid5fSUJdzVrqpr,0,27992946813019,0
pmBBH7QXPVj7mM5G48efF8wfeoVvAPSqityMR3serHr5c9R,0,0,91627230000
r5Bq56Rf9znNoqaFxVywHXEKRG96GauskRsVqYf3FxierHx,0,9332155633614,2482510000
qP3kyzF8tGcjsZisWzr52qkZ3bfgq32GqWa43nzBMAUPwgi,0,0,39152040000
sv5NmBadq7BuVQV7mj3FEwDrVaUF4CjJKAfzn69GdoRRFKF,0,0,11879061360000
qFCknUeZ5mVRhf67SgeJwiqYHYej2H6HH91D2qvLP2pQyca,0,0,6048650000
qUkSLRyTMqLGuzHwGLKGW2LC6DMgBCKP9E1CtUTxegMGGk3,0,0,3656017730000
t1XZycjoRRnMx3DAPeSbpd6JLqAn17e4YSFKVsHsKCdDckx,0,139799299053260,0
sJLJg2Cgbba5748wKcxZohoDyUHpyR2LQosAQtioB9WUmvm,0,0,218860380000
pXrPr7soTmdWLHY4Fghfc44bd9SZzYEzLhzjPFqRAD46CyY,0,0,32231910000
qJKRpPkh4sHofZb4G6MDWkKehcygdfQQHMmyXsD8S4syP5B,0,0,90135990000
pAZsWUSJWXuGq8YJv8QFaqh279LPyx73xH2YeHMZb2LpUd2,1000000000,0,46506810000
sh73byDgdFyQEeRcDig9vF2jeGZzkbfLe8rM7wkzhaQuFCB,0,139696684790721,0
tYiR4A8JMoBGNcReQ9WVSsrGav8En3Ee9w1jmW6iEM8eoXE,0,0,740493800000
p56eMSqx41nzvtderMLjKDu1tehbstP761VCduNF8szE1ip,183980000,0,0
ryc3BGfpkmDPDov5PGkDgk1dpa3ak5FzgXZccMXE7fK5Ucb,0,140042824095529,0
poM97ygwuFW1aYEYtux2yid93KZXD7k5BcruJ4V5ujpNs4h,0,0,60670910000
tZ8zJQxJPBkuxuzNrjNrWqn3WPk39PNo2aT1sRHeugd3dfu,0,278317883630897,307569460000
pttX3CwKd85WqwALrvwex7sj2R9m1wDAh3Ars3ey87NXHbb,243500967,0,1012562090000
sCziFvfrNbw5HaeQcJno1e1nKWypFq5bz4pHLbnm6M5GLeP,256768936,0,27893180000
pYEsLGJEGWy3srSGi7Prpe1L2XS8ubCMPQpWc79owammqBp,0,0,135170440000
qDaRSH5o2Pz9ZUVrhZgWiuuAhYkmbwjJq9ibJ8LyLGtFGHg,158410000,0,0
oygo84zSnpL3h77iisHxVTHeN9UKET4Z6KfdDj4akP9M2eq,149160000,0,0
oxJ3eKDXdAMJYhRZr2cMEHFGedgfF3yxXzqCAj9T7wogCCP,795642844,0,700000000
poJVeCoFxxUkM19fwekRxhzTXDf24ZMC42JC2v1cCADaSmb,0,136608943610869,0
tBogvEj9Cb6TcLMcyJhM9E99c7wgScMCAutJCZ9QUnjHkmv,0,0,347400370000
s9uneoqbnF2c576afWfRda7S97PgnvKwpZaXmx3ewSPxinA,0,0,104350000
sRHQv3QG8eArtnqeHyHZR9v3HY7QQbq9n9QPyyAP3k4gmf5,100000000,0,0
sJJGUDWRKyiZEfNEUxQa6BPJrrgGmWKNpSNfQ5gYB4RuRHX,158410000,0,0
tnnit5j6YtXa9mzNYMfmrCPSv836FBgXK8AD4vUbhZPDBq5,0,175207334727208,2914982700000
tqEJBDGXHBrgwEcGomX6RL6wTWwH5SzfYEMcugT4bFkwHzY,0,192875735644808,368778370000
t43PfcuP7eNuGSqA1fXMR7AWKULfdVXqbzTD86g2mVMuVVB,0,0,60186650000
rc55z5b1Vcw3fLgNTLQ61ff4pmYpRfm1msoFVbE5AZHePhG,0,0,61686976360000
rPtbkExLtpN8bURTZ8x89kLiWMLt36a5Fa9ws1A1QcigxGs,0,0,83776339875290
ryoPXJUCKvSqPuDktAcocD3mtaeadc5CYMPqRaF1iCHJw2o,154430000,0,0
rhq8ZUWqGUzGwX13QazEpR6GWARai8dMSFXNoAFqtchr6Yo,0,0,1513337570000
tv5LFycrp5UWfRP9x6kq2NWStNH39V3VNKMjBhLeP83LSQ3,158410000,0,0
qkJmqZ1JrXZhjoAui5AWSnePbMeQAyxyqLFWTMzwPSx7EMX,0,139041298644075,0
te6AR2pTKjZMLcy7bhjgXuYvpKDvENEW1Cb5GgnNi3uytFc,10821806381980,6261113599718713,0
rfCY9gP7XMXDX1GMD3NSRXFhvmEb8R3tV7ojLdsooezuxxf,0,0,32502470000
tjzeeiztGEAtcoELhd19PmaSbb8W3yEP671X5oiDQwBcGuC,0,37324135676375,30250000
roKx2THhUkaZgRA2dSEkqjE2bpvAAhbC9GpbdapqrSyBpRM,0,0,1929259340000
tWtkJ8cbUQrd454ZCDb7w8wMNzv67aa3pYoAYUgsEn7hnst,154440000,0,0
pnxnYVy6CnLsV3JrqZBZXcK67yBXf6kqty6wEgcyts5L9Qh,0,0,100000000
puMv89zUewbGkjJehmqhevFhKFESvcaL1DHrujGRxmLsgNz,44715347702,0,0
qqrPjDYqCYR1J1kQ661Vj4gUd62SNumrf6h4mxPoCob4T4c,12799996866,0,0
ozornR4MAHEgnnHHsqS5ZRzbu8vsn7RR1WdjmSuNQwguDZT,0,0,1026712700000
pMpG7ae293j8wfRJnkfDNd6qF8HRDCU3JJppU3hKPQiTnG6,0,0,494107320000
pX6ePTEugu7iKNK1EKmJsnNUmtH9n7vGpjRmeWFDKKLeNhS,0,0,201319736245871
rNgYpkWLmk9ySRZrGFuMC2aFzvrob1a9DoM7Rs7YEx4qPHT,44979014029,0,0
tiynF7jKdZEX75UrUjiX1BRyhuD7Vy2jwoPYqbPtZZLLUjz,19998979393,0,0
rDQ166tM9dGvC3qUNq3Tm66C2T6j8YKkRfPNAhbTmcJSezk,3104975778,15518175292805,54000000000
tKb2yNW1iAdTqoY9huLQWThKxedAxa5EpmAoVbB48ndMkKr,0,0,115018347480000
oK3sWtUZGSU6fzZjBxwy2NdQVNGEvNRU9o6kMUrNDU4gypk,0,5544698630469,0
qV9zgFZZQmLbQFqGrGd8tD1KUZGuAug8FPJ5xQa6Vfx55kn,0,0,455160670000
pkakUq6g1mBvz2hVtTGYf6L5Udgx1Ntcr956Fs3akCKqK46,0,139718635632772,0
oQDTqrE5vLVzSHtJVsNfWBzGj4q4nTWqMMxbp7VDGPKqnw3,0,0,218393800000
rUUXbYy1AdeSi75ZrKeYWwQ8W8pdfmEUa9GMWC5AdBEFNvA,0,139711325671285,0
pCj5hGBCdStKTaf4LuzELtKwV45ExmmZjWbx94jxr8Gc3ef,0,0,6000605790000
rUNqmf7uhyT4bZ3r7RsrirQPtf6a3Fzh8u9EuKv3AqWw9fX,4000000000,0,38940630000
qt4Tjg1axLRHHHw7cHLKXX9Qqi3acC1aBhGgPrJNoksYisx,0,0,2196041610000
qZhzv1Sf9YAiE6mtmDdP6jp6aCj3USKyfgDCiBNC3XrdFk6,0,172595313485220,0
tqUorksjhBvpypQJQys9Pq5CeUvqWgSUv1LWjmb2YRYyV9J,0,0,3184974970601
rcMpi39kSzayaiM8KtwWRS8qmz1LbazNAokjtZoz8RwnpHZ,0,155325255321387,0
rV2hXXqAxLyRACkEjiWjbB332XxuvxahQ73psQkEfNtovi4,0,139769964514425,0
rCLAAHdgZjqWXyATDaXUAtHncfGFbeUrNuK8r9CbRE43P27,11011522218227,0,0
s1wFNHungR3Pkdsv5MamKvD1hUMdJRqRHeQjaBetvbCCpja,0,0,1089085650000
rLUtY9s6jjisq2DtZWSvAHrAc5HUWkmVmXmxFhz9jSoFiTL,0,306760005679450,889905880000
ty5RUEH38ZiF2Qq9swwYpf6McB7nhcg8dxS1hGScRgnum6k,6332585239,2654133203321529,0
qaa8fXmU1u8LrUyco8y5Frj94Eftop9wdHkGhGzsQ6jc8ib,0,46656075180425,361840000
sAUr36wyGZDt9VJxFGrwhA4vUMHCjRceTQRwKAHQBv4k2YH,0,7391497781301909,5852690760000
tYtLrSb5E8az7nsuLiyLx5vS3zmx1tJpb6EpXMWdXkvW5pp,0,0,44821050000
qZVUR655941nbc42Bsp4HjP4GVpHWJrT41QDmzsbW7duJav,0,0,146951710000
pmF4noRA3adTDWcwBx5mTR4VSdHDdpZNF6hhUg3fSrcFiaR,0,0,20759820000
pQRx8KsP3wgTqisapE1tutgZZR2tU3NJZcNSRFPKRTWi5Us,0,140920612557831,0
teAQsX7ppoNM9wMJayKr46s632ZHzTff3GBz6v1GZpoyCAK,0,0,1274252060000
oraXR4dy2Y3XpRsfjoz6tfzZCmZWRYwgs2XWL1bbEurJzeZ,0,0,900071635108232
oYfP8DkB52YEQ7pu2mUVahp7tD8g6CGjfpZnjBSo7jLYEQD,0,0,46162860000
rCtksmiwTLyRFSnQpx4awnVWZVpbEVfToqUtoW6bV7pNVjZ,0,141421669049843,0
s1rVF32VR2VPHAeQGm7fMaAGWVkUdavWuWdLTo8FmnzFNuk,129249912,145407770426245,0
rvH8ekKQT7MSbF3dYqVxH9G1Zqw4gVfXQh77EDLMuzRm4SG,0,0,100000000
ro3M6NcszMzmWAZDFLT6A5cKQagEWBfTq6eoaZP1NAef5Mt,0,226503525302496,30000000000
r5H4CMQWLuDinpc7UnQmbasor1R6bJSgToSFdUKL2zKwoue,2326870622066,0,0
oyt8e6a1TeLs2YdoQnsjZN63otznXjWkuZHrpDsQi9unau2,0,0,49782740000
s4C8DTpfRhLCXDogDkZqKK9MqzE3ybqc58WdAveiTqMqpZ5,0,0,60490000
pcS1Bir3U9MVwEXe2N4FkjE81NDFnydCGSDVydzZV1Qs688,0,0,2207007780000
rxiTEdtCKVC3wY6ysbmvK9PinHkRizDShX8wT7GX8HVHj4c,0,0,76711020000
sRiuphbScoDx4tGEWFpf85N4xurdJtCq6Y56DqXXbyHFjYe,0,9926073969922079,3950717160000
t19ixbQYyA76dgnm8iqxZDWzGCWmgyttJrDWF3oQyQCfap8,0,139784665003042,0
qoHPjXwZUraGKitVroHfQYPYPMg2DcHoTwjA3GZRLGhH81H,0,145612066458602,0
t6Gz126P8mGXmG9cg1nmEzAxMwndvN2aLNYLW5KwrpwPkUN,0,0,346698680000
rLue57TLtxc3W98bJMbHca1ym8cAHU1odBnUKZhoBaZf3At,0,0,221138820000
sccgZNrLK9WBvek5RN5iqcb4b2Wz6Fo2LbUbFUMxg8E39uD,0,0,264837889186735
prUzkE4Sx2sH8iw3mX1BRMruCZFNQ5P59jWefHfbLixfcvu,0,0,492537040000
tsD2AgpBAarjbMEU9TtuyykMpr5FD4G9DfHPC9954wpHuUb,0,0,1887540000
qSGMS2s64bfsezZVFGZagdWL3bmvFb81x4mDH7apxYmEuex,0,110967621332804,0
pDtzrxU75onwYVqaeUnTYDXFmcKCU4JAsLmpmGi841UFzi3,0,139561239451052,0
t4jLRnrgkdYMctbXcchN7k77TjJK5C54S1uyUwUVC2SzkBG,0,0,38116620000
sFCd5W5sWXwgKm1CjVuP3trEWswciLSc3sKvDhQ1EbxVbww,158390000,0,0
sRkpjSQjq8qhTZLKK5w3HLZM7UDazDSKZ2GeRSScjfXHD7W,0,0,33493410000
rJAYvrJVox5wbCUQRCYtnno2USTKMf5d8Je8rGvbsa39z5A,0,139755296784999,0
rc1Qe5pxovBo3YkuHGdkeQjuifaYM4JbTAzB9ggk8CmSQjD,0,1042548046875790,946248550000
tesvytpao6e1k7kaA4AK73iJZ2dvXnijGfhphQ4JrVw3M43,0,11146168695831,98105940000
txcMXfxwn6fsF7SKEC2Xxp7PX7fGNYAHz7meCTc8rtP1166,0,0,1103715280000
syT82ANBsBB89qThN2eSSbrud37YbiD3XMr9Boi5UjZiYBu,0,139961566767291,0
rS7bL8mMMn7EacLLWGTAnM2Ve4gZ6V77WDGF26Z6s3hfcV4,0,472228921591939,166670270000
oQYdREM4pgjr9hUQr3zUUWk3d3jZSVmUfSs8r2obsPFMKQ1,0,0,165930000
tpewVCQ7FSWtSurjedR5k4TetHDBfHUAi9zsZqkhdxKWNv3,0,0,291158650000
rFLRieLDBJ62QC5t7L76B2EEYV9Lzp2FvCbtiKXrKQQMtku,147829378,0,0
pm1FJzktEX7xJgviBZS5JWph5dNSDujwVcL2v7oKk8T4NrC,158380000,0,0
r1jfUDuyeUifWGGWJhM3gRkfMNb6s8yUEn1s5yzJpQKq2dW,45682406491,286841166982361,40000000000
p3CQVFDu6jvmkttqqnuYcqcCtYsT4yb44YYF8jsZT6P2e8B,158390000,0,0
ohudVDbeR4yswHmoqUSHf3GPen7WAFoat3vo4iSbVyvx9pB,6750858197,0,0
sfyxDFLkQQCx9f7oJiL32725mF7dM5GXGphUSxmC9Zq9Xec,110876603623210,0,0
prRQkW28zD1KWbPZBZCcjc7MaXY3anDuYr81N9FmGZDVbLq,0,0,10000000
tzsiksT7cNEaQ8SEmQeaLkzx1uRuL5ixCDdrMf1PUXCwvLw,21293126725,0,0
pCk9pFWVSY54xHGnHctwr4sC41ZJvoVKBMFGwDTjHJ1B31A,158380000,0,0
ryeVAhMiPjUoA9NATd7ioioKesr6oRNz5VoqLXBihFQjzJH,0,0,55149360000
tjCb1rTph2Np4nMzL9zjVPxC8n6oYmtBSiJLu3oi4pr7zev,0,0,49912550000
pDQfJf6EZ5yXuD4T1nfyKxFHwNMejcgka84XBKwN5D1Pivq,0,0,498478320000
s1tfkqxpmy11e7sBoa8dEKmwosoGkTdXh49r9GhSLNkwTen,183910000,0,0
syc2zcUQHfAzqoUsccKprLpposatFnTt3877QKamMZJ1Tsu,158390000,0,0
rHjZa59WZ3hsL4ULEAXgZAqsFqg8FByw3Z9b3d5YTFD2eiJ,0,139850684070240,0
p51ZdxMsoaAM7avAj8d4Sg9b2hVEMLADTVgNSeETsJaZPKE,159620000,0,0
pE13bz6oPr9GJpqxzcFoTSrK7kfeFNJfyeMP5Wwh2uTURBd,0,139916933903517,0
t4AHxGCVdx5LKHktvixvJVYDp3MDHT8uuWPriuhyYDLjA25,0,139550334056997,0
pFhiVoa1ftn2PtcU1frQxLhDZdFMbkSQpKRYPRzpFNxreJW,0,0,1000000
pkEnD8czr9vxqv9y11bw4iYVLWXuyLPk9YyEr83tXvKUpEB,0,0,907417430000
oMAN6PAqTRxNBWWrzN6WGsknQG7r6jhjvDRSrPGnDtkYDga,43520243146,0,0
oxHv62JHBZ9Z3JvEiZrpFtMtC1Afaz7TbLaoz5G94EHPY67,0,0,100000000
tU6PBZ9JyVTRwcTn5y7CWdSaGF2x7Yj1PquuHkRPqkg4gGD,0,139711316740065,0
sqbMp51QYGUiakMxcUDGCpeacpMZTAdj5W5uTyuiGbaGNdu,0,0,100000000
rZsGZhiFujYzoyXoYha4SKn6Dih4DLXj3XuuWGW1SNYucet,0,0,291111630000
rJM5akHNFgXYXzdb5fmjzqiCsPCYJUATmgQFQiQ8xZeBt5R,0,140898153853716,0
q5g1LDw58PF6gPU8m3A8MYq6Xy2jmvhwdqUzrCm33bf4Cci,0,9332189418925,20840000
prDoEf8KycsxP19edNjnWnS6wiE9cjD6HPCPhcH7Fde5RCM,0,0,2101062530000
oz3JPXAvFpcPqckEg6WHXQxBehhNDJfeLQeJgNsa9ALcXak,0,0,80105920000
sX99aiAzcdHCtd5kRJ3qca97FgmdDRdMqB7uGryXRpvKV6G,0,140072506521429,0
tTK2mre9ggMWth7iT9DCgF62LzR4wf9wnjmt8VWgHjaKcwV,30576495186,0,0
oa4Nn3BCi5UKSgxjo2Wr8B7e4Y3mBGNhTuCDzkdcBV4Cisf,0,139663650258920,0
u3jd4N6FBSFSYq9TD9cwfe6ahC8AQPTKnvyW5LaeZTg6B3C,154440000,0,0
pBMjRBjeuLR7J7nAaPoQ3ukHPBu3tgpGWdNk2cTBfbkcokj,0,0,798668690000
sZvVypeqSeAoR1bpzMPw3johZkdeH145P86dX21mR8iaEBC,14572371330,0,138465330000
ooN4NZ8xqZzXEXd8ChsLZEFJuBu6mxey8CSMg5M1TsAD5WV,0,139656389579157,0
raJUTNVxpvatbPfmc7ZGcQuijdwyd7GgkTcDsBsQdyq2cEg,0,0,148488730000
rA2hcQ5AWZR4ypVNsNnXQmCz2T8ThQF4YZLYuo7SD4FqJTj,0,171984258062488,0
tqAMB4QbQVejky1P7KzA1ohTZhKb3XEHAGK1dnPJfLGS45b,877380589,0,0
qfKyyHHQPokEXSURrtVYdfixjmrGa2pE9RAouGZf66H96fD,0,0,478229970000
r278JtqbRNAvVRtUeBuHaLFupY8Y1vHBNk5jC2n1JVinkQs,0,1000000000000,0
rstHHvAc9u9o8ewKTLCmQxhAbT7Lj3SU9mzaHDmGQAeUw91,0,0,106340000
p7bqpyEwnqAsErRyoaDZugUd4uvoaZwtGyxVHpqjxkgbNGW,158400000,0,0
tvheFMmtzQeQ83itoHT6sjS49qSfhaXh91TnU1enKsBjWPM,0,0,40238900000
rLvtFjTVnodByn2ZxsxHmyeR53CCbwVsuBPiXyd38ysFBm6,0,0,3090470000
qfKtMaw3sAfsNkS8mzhyZzmBVbBxk2S6z6SHnWyiQ3HCqmy,0,0,1000000000
